#pragma once
// Auto-generated from DropBar.png
// Dimensions: 256x32 RGBA

#include <cstdint>

static const int GUI_SELECTOR_BAR_WIDTH  = 256;
static const int GUI_SELECTOR_BAR_HEIGHT = 32;
static const int GUI_SELECTOR_BAR_CHANNELS = 4;

// Packed RGBA as uint32_t (R in low byte)
static const uint32_t GUI_SELECTOR_BAR_DATA[8192] = {
  0x00000000, 0x091C1C1C, 0x74020202, 0xC90A0A0B, 0xF10D0C0E, 0xFD070607, 0xFD050506, 0xFD050407,
  0xFD040507, 0xFC050407, 0xFD050407, 0xFD040407, 0xFD040406, 0xFD030405, 0xFC030305, 0xFC030204,
  0xFC020203, 0xFD020203, 0xFD020102, 0xFC020102, 0xFD020103, 0xFC020102, 0xFD020101, 0xFD010000,
  0xFD010000, 0xFD000000, 0xFC000000, 0xFC010000, 0xFC000000, 0xFD000000, 0xFD000000, 0xFC000000,
  0xFD000000, 0xFE000000, 0xFD000000, 0xFD000000, 0xFD000000, 0xFD010000, 0xFD010000, 0xFD010000,
  0xFD030000, 0xFD030000, 0xFB030100, 0xFC030000, 0xFD030100, 0xFD030000, 0xFD040100, 0xFD060100,
  0xFD050200, 0xFD060100, 0xFD070100, 0xFD080300, 0xFC090300, 0xFC0B0400, 0xFE0C0400, 0xFD0D0500,
  0xFC0E0600, 0xFD0F0600, 0xFD0F0600, 0xFD110700, 0xFC120800, 0xFC140900, 0xFD160A00, 0xFD170B00,
  0xFD170A00, 0xFC1A0C00, 0xFC1C0E00, 0xFC1E0F00, 0xFD1F0F00, 0xFD201000, 0xFC211100, 0xFC231200,
  0xFD241300, 0xFD251300, 0xFC281500, 0xFC291700, 0xFD2B1700, 0xFD2B1700, 0xFC2C1900, 0xFB2D1A00,
  0xFC311C00, 0xFC321D00, 0xFD321C00, 0xFC341E00, 0xFC361F00, 0xFD372000, 0xFD392100, 0xFD3B2300,
  0xFC3D2501, 0xFC3F2601, 0xFD422801, 0xFC452B01, 0xFC462B02, 0xFC472D02, 0xFD492F02, 0xFD4C3102,
  0xFC503303, 0xFC4F3303, 0xFD513503, 0xFD553804, 0xFC5A3C05, 0xFC5C3E05, 0xFD5D3F06, 0xFD5F4007,
  0xFC634307, 0xFC674809, 0xFD674809, 0xFD684809, 0xFC6E4D0A, 0xFD72510B, 0xFD75550E, 0xFC75530B,
  0xFD78580D, 0xFC7E5E10, 0xFB876512, 0xFC896813, 0xFC886712, 0xFC916F16, 0xFC987519, 0xFC9E7A1C,
  0xFD9D791B, 0xFDA17D1D, 0xFCAA8622, 0xFCB08C24, 0xFCB59228, 0xFDB59229, 0xFCB9952B, 0xFCBC992D,
  0xFCBE9B2F, 0xFCB9952C, 0xFCB38F29, 0xFCB28F27, 0xFDAF8C25, 0xFDAC8923, 0xFDA3811F, 0xFC9F7C1D,
  0xFC9C7A1B, 0xFD977418, 0xFC917016, 0xFC896813, 0xFD8A6813, 0xFC876711, 0xFC81600F, 0xFD7A5A0D,
  0xFD76560C, 0xFC79580B, 0xFC735309, 0xFC6E4E08, 0xFC6B4B08, 0xFC684907, 0xFC684807, 0xFC624406,
  0xFD5E4105, 0xFD593C04, 0xFC583C04, 0xFD553903, 0xFC513603, 0xFC4E3402, 0xFD4D3302, 0xFE4C3202,
  0xFD482E01, 0xFC452C01, 0xFC452C02, 0xFC422A01, 0xFC3E2700, 0xFD3C2500, 0xFD3B2401, 0xFC3A2401,
  0xFD362000, 0xFD351F00, 0xFC362000, 0xFC352001, 0xFD331E01, 0xFE2E1A00, 0xFD2F1B00, 0xFC2E1A00,
  0xFC2B1900, 0xFC281600, 0xFC261500, 0xFC261500, 0xFC241400, 0xFC231300, 0xFD1E0F00, 0xFD1D0F00,
  0xFC1C0F00, 0xFD1B0D00, 0xFD190C00, 0xFD180B00, 0xFC170B00, 0xFD160A00, 0xFD140900, 0xFD130900,
  0xFD120800, 0xFD110700, 0xFC0F0700, 0xFD0F0600, 0xFD0C0500, 0xFD0D0500, 0xFC0C0500, 0xFD0C0400,
  0xFD090300, 0xFD080200, 0xFD0A0400, 0xFD080300, 0xFC070200, 0xFD070300, 0xFD060200, 0xFC060200,
  0xFD060200, 0xFD040100, 0xFE030000, 0xFD030000, 0xFC030100, 0xFD030000, 0xFD020000, 0xFD010000,
  0xFD010000, 0xFD010000, 0xFC010000, 0xFD000000, 0xFD000000, 0xFD000000, 0xFC000000, 0xFD000000,
  0xFD000000, 0xFD000000, 0xFD000000, 0xFD000000, 0xFD000000, 0xFD010000, 0xFE000000, 0xFD000000,
  0xFD000000, 0xFD010000, 0xFD010000, 0xFD010000, 0xFC010101, 0xFC020201, 0xFD020203, 0xFC020203,
  0xFC030304, 0xFC040405, 0xFD050507, 0xFC050507, 0xFC060608, 0xFC070709, 0xFC060708, 0xFD060608,
  0xFD08090B, 0xFD090A0C, 0xFB0B0B0D, 0xEE0F0F10, 0xC708080A, 0x72000000, 0x07000000, 0x00000000,
  0x27060606, 0xCB060606, 0xFF0E0E0F, 0xFF18181B, 0xFF1C1C20, 0xFE2D2D32, 0xFF313239, 0xFF3B3C44,
  0xFF3F4148, 0xFE3E4047, 0xFF3D4047, 0xFF3C3F45, 0xFF3D3F46, 0xFE3C3D45, 0xFE373940, 0xFE35373E,
  0xFF34363C, 0xFE313238, 0xFE303137, 0xFF303136, 0xFF2F2F36, 0xFF2E2E35, 0xFF2D2D32, 0xFE2C2D32,
  0xFE2C2C31, 0xFF2A2A2F, 0xFE29292E, 0xFE29292D, 0xFE2B2A2D, 0xFF28282B, 0xFF27262A, 0xFF27262A,
  0xFE282629, 0xFF2A282A, 0xFF0B0A0B, 0xFF1D1B1B, 0xFF272323, 0xFF262220, 0xFF272220, 0xFE282220,
  0xFF28221F, 0xFE28211E, 0xFD29221E, 0xFF28211D, 0xFF29211C, 0xFF29201B, 0xFF2C221B, 0xFF2D231B,
  0xFE2D221A, 0xFF2E2219, 0xFF2F231A, 0xFF32251A, 0xFE332519, 0xFE342519, 0xFF352518, 0xFF372719,
  0xFE3A2919, 0xFE3A2818, 0xFF3B2817, 0xFF3D2A17, 0xFF3F2B18, 0xFE422C18, 0xFF432E19, 0xFF452F19,
  0xFF473018, 0xFF4B3218, 0xFE4C3319, 0xFE4E3419, 0xFF4F3419, 0xFE523719, 0xFE55391A, 0xFE553A1A,
  0xFF583B1A, 0xFF5A3C19, 0xFE5C3F1B, 0xFE5E411B, 0xFE60401A, 0xFE62421B, 0xFE63441B, 0xFD63441B,
  0xFE66451A, 0xFE68471B, 0xFE69481C, 0xFE6B4A1C, 0xFE6D4B1D, 0xFF6D4B1B, 0xFE6F4D1C, 0xFE72501D,
  0xFD75521D, 0xFE76531E, 0xFE78561F, 0xFE7B5920, 0xFE7E5C20, 0xFE815E21, 0xFE805D20, 0xFE846021,
  0xFE896522, 0xFE886522, 0xFE8A6722, 0xFF8E6A22, 0xFF926E25, 0xFE957027, 0xFF977327, 0xFF997429,
  0xFE9B7729, 0xFFA27D2B, 0xFFA27D2C, 0xFEA27F2D, 0xFEA6822F, 0xFEA98630, 0xFEAC8A32, 0xFEAF8C34,
  0xFEB39036, 0xFEB69439, 0xFDBE9C3C, 0xFEC19F3D, 0xFEC4A13D, 0xFECAA743, 0xFED0AD47, 0xFDD6B44B,
  0xFFD8B84E, 0xFFDCBD52, 0xFEE1C457, 0xFEE6C95E, 0xFEEACF64, 0xFEEBD164, 0xFEEDD568, 0xFEEFD86B,
  0xFDF0D96A, 0xFEECD363, 0xFEE8CC5E, 0xFEE6CA5B, 0xFEE3C759, 0xFFE2C559, 0xFFDCBC51, 0xFED8B74D,
  0xFED5B44D, 0xFED1AF46, 0xFECDAB45, 0xFEC8A743, 0xFEC7A441, 0xFEC3A13F, 0xFEBF9C3B, 0xFEBA9738,
  0xFEB69337, 0xFEB79435, 0xFEB28E32, 0xFEAC882F, 0xFEAA862E, 0xFEA7832D, 0xFDA5812C, 0xFE9F7B2A,
  0xFF9C7828, 0xFE997527, 0xFE957226, 0xFF916E24, 0xFE8D6A23, 0xFE8B6923, 0xFF8A6723, 0xFE876422,
  0xFF836121, 0xFF805E20, 0xFD825F21, 0xFE7D5C20, 0xFE7A591F, 0xFE77551E, 0xFE75551E, 0xFD74551F,
  0xFE704F1C, 0xFE6E4E1C, 0xFE6D4E1F, 0xFE6D4E1E, 0xFF6B4B1E, 0xFF68481E, 0xFE66471D, 0xFF65451D,
  0xFE62451D, 0xFE5E411B, 0xFF5B3F1B, 0xFE5E411C, 0xFE5B3F1C, 0xFE593E1C, 0xFF54391A, 0xFE52381A,
  0xFE51381B, 0xFE4E361B, 0xFF4D351A, 0xFF4B3319, 0xFE49331A, 0xFF47321A, 0xFF473119, 0xFF442F19,
  0xFF412D19, 0xFF3D2B18, 0xFE3C2B18, 0xFF3B2A19, 0xFF382818, 0xFF382819, 0xFE37281A, 0xFF362719,
  0xFF342619, 0xFF332518, 0xFF322518, 0xFF312419, 0xFE302419, 0xFF2E2219, 0xFF2C2219, 0xFE2B2118,
  0xFF2C2119, 0xFF2C221B, 0xFF2B221C, 0xFF2B221C, 0xFE2A221D, 0xFF2A221D, 0xFF28211D, 0xFF27211E,
  0xFF28221F, 0xFF262120, 0xFF262120, 0xFF272323, 0xFF232020, 0xFF0D0C0D, 0xFE2B292B, 0xFE2A282A,
  0xFF29282A, 0xFF2A282C, 0xFF2A292D, 0xFF2A292C, 0xFE2A292D, 0xFF2A292E, 0xFF29292F, 0xFF2B2A2F,
  0xFF2B2B30, 0xFE2B2B30, 0xFF2C2C31, 0xFF2B2C31, 0xFD2E2F34, 0xFE303037, 0xFF313238, 0xFE313238,
  0xFE33343A, 0xFE35373D, 0xFF37393E, 0xFE393A41, 0xFE3B3C42, 0xFE3B3C42, 0xFE3C3D42, 0xFF3B3C44,
  0xFF3A3C44, 0xFF35363E, 0xFE282A31, 0xFF131317, 0xFF1B1C1D, 0xFF131416, 0xC9030505, 0x27060606,
  0xD4060606, 0xFF100F10, 0xFB0B0A0C, 0xFC1A1A1D, 0xFE7D7F8B, 0xFEA9ABB9, 0xFEB6B8C5, 0xFFB5B7C9,
  0xFFB2B5CC, 0xFEB1B5CE, 0xFEAFB4CE, 0xFFAFB3CF, 0xFFAEB2CA, 0xFEAAAEC4, 0xFDAAADC0, 0xFEA6A9BA,
  0xFEA4A6B6, 0xFEA2A4B3, 0xFEA1A3B0, 0xFEA1A2AF, 0xFE9D9FAB, 0xFF9C9DAA, 0xFF9D9CA8, 0xFE9D9DA8,
  0xFE9D9CA7, 0xFF9B9BA6, 0xFE9998A2, 0xFE9896A0, 0xFE98969F, 0xFE97949D, 0xFF969299, 0xFE938E94,
  0xFE91898E, 0xFF9D9497, 0xFE201F21, 0xFF695D5B, 0xFF87736D, 0xFF867169, 0xFE856F67, 0xFE836E66,
  0xFF856E64, 0xFE866E63, 0xFD8A7064, 0xFE856C5F, 0xFF876C5E, 0xFF8B6E5E, 0xFF90725F, 0xFE937460,
  0xFE91725D, 0xFF92725C, 0xFF94735C, 0xFE9A765D, 0xFE9C775B, 0xFE9E785A, 0xFFA07858, 0xFEA67D59,
  0xFEAB815B, 0xFEAA7F58, 0xFEAC8157, 0xFFB18458, 0xFEB6885A, 0xFEBA8B5A, 0xFFBB8C5A, 0xFFBF8E5B,
  0xFEC3915B, 0xFEC8975B, 0xFEC7955A, 0xFEC8965A, 0xFFCE9B5B, 0xFED09E5D, 0xFDD4A25D, 0xFED5A15E,
  0xFFD8A45E, 0xFEDCA75F, 0xFDDDAC60, 0xFEDEAC62, 0xFEDFAD61, 0xFEE1B063, 0xFEE3B364, 0xFCE5B666,
  0xFEE5B765, 0xFEE7B966, 0xFEE7B967, 0xFDEABD69, 0xFEEABE6A, 0xFEEBBE68, 0xFEECC16C, 0xFEEEC46D,
  0xFDEEC56D, 0xFDEFC870, 0xFEF1CA73, 0xFEF0CB73, 0xFEF2CF77, 0xFEF3D27B, 0xFEF3D177, 0xFEF4D278,
  0xFEF5D57D, 0xFEF5D67C, 0xFEF6D77C, 0xFFF7D97F, 0xFEF8DC82, 0xFEF9DE85, 0xFFFAE187, 0xFEF9E087,
  0xFEF9E088, 0xFEFBE58D, 0xFFFBE68F, 0xFEFBE691, 0xFEFBE796, 0xFEFBEA9B, 0xFEFBED9F, 0xFEFCEDA1,
  0xFEFDEFA2, 0xFEFCF0A3, 0xFDFDF2AD, 0xFEFDF4B1, 0xFEFFF4B2, 0xFEFFF6B7, 0xFEFFF8BD, 0xFEFFF9C1,
  0xFEFFFBC9, 0xFFFFFDCE, 0xFEFFFDCD, 0xFEFFFFD3, 0xFEFFFFD8, 0xFEFFFFDD, 0xFEFFFFE0, 0xFEFFFFE2,
  0xFEFFFFDF, 0xFEFFFFDA, 0xFEFFFFD5, 0xFEFFFFD2, 0xFEFFFCCD, 0xFFFFFCCA, 0xFEFFFBC3, 0xFEFFFAC0,
  0xFEFFFAC0, 0xFEFFF9BA, 0xFEFFF7B6, 0xFEFFF5B1, 0xFEFFF5B0, 0xFDFFF5AE, 0xFEFFF3A8, 0xFEFDF1A5,
  0xFEFCF0A3, 0xFEFDF0A4, 0xFEFCED9E, 0xFEFCEB99, 0xFEFBEA97, 0xFEFBE994, 0xFDFCE891, 0xFEFAE690,
  0xFEFAE48D, 0xFEFAE289, 0xFEF9E088, 0xFEF8DD86, 0xFEF7DA83, 0xFDF7DC83, 0xFEF7DB82, 0xFEF6D87F,
  0xFEF5D67E, 0xFEF4D57B, 0xFDF4D379, 0xFEF3D178, 0xFEF2CF78, 0xFEF0CB74, 0xFEF0CA74, 0xFDF0CC74,
  0xFEEEC670, 0xFEECC46F, 0xFEEBC26F, 0xFEEBC26F, 0xFEEBC16F, 0xFFEABE6E, 0xFEE8BB6A, 0xFEE8BA68,
  0xFDE8BC6A, 0xFEE4B668, 0xFEE2B267, 0xFDE3B469, 0xFDE0B267, 0xFDDEB065, 0xFFDBAA65, 0xFED9A763,
  0xFED5A462, 0xFDD8A662, 0xFFD5A361, 0xFFD19E5F, 0xFECA9A5F, 0xFEC7975E, 0xFFC7975D, 0xFFBF905C,
  0xFFBA8C5B, 0xFEB6895A, 0xFEB5895B, 0xFEB2865B, 0xFFAA8059, 0xFFA67D58, 0xFEA27B59, 0xFEA67D5A,
  0xFFA17A58, 0xFF9B7557, 0xFE987458, 0xFE97745A, 0xFE97745B, 0xFE916F59, 0xFE8E6E59, 0xFE8D6F5B,
  0xFE90715C, 0xFF8F715D, 0xFF8C6F5F, 0xFE8A6E5F, 0xFE896F60, 0xFF8D7162, 0xFF886F63, 0xFF856E64,
  0xFF866F66, 0xFF87726A, 0xFE87746D, 0xFE897874, 0xFF807372, 0xFE282627, 0xFE918889, 0xFE8E8487,
  0xFF8E868B, 0xFF908A90, 0xFF928E96, 0xFF949199, 0xFE93919B, 0xFF95939E, 0xFF9695A1, 0xFE9897A4,
  0xFF9A98A5, 0xFE9999A7, 0xFE9A9AA7, 0xFE9A9BA8, 0xFD9D9EAC, 0xFE9E9FAD, 0xFE9FA0B0, 0xFE9FA0B2,
  0xFEA2A4B6, 0xFEA3A6BA, 0xFEA2A5BC, 0xFEA5A9C2, 0xFEA5AAC5, 0xFEADAFC6, 0xFEB1B4C9, 0xFFB1B5C9,
  0xFFB7BAC7, 0xFEC1C4CE, 0xFDAAADBB, 0xFD7E828E, 0xFD222427, 0xFB17181B, 0xFF151517, 0xD8050505,
  0xFF020202, 0xFC111011, 0xFE000000, 0xFD62646D, 0xFDA5A6B6, 0xFD9596A7, 0xFF3A3B76, 0xFF191B83,
  0xFF1B1E93, 0xFE20228A, 0xFE2F318E, 0xFF2F3186, 0xFF303377, 0xFE424474, 0xFE474863, 0xFE47475D,
  0xFE47475A, 0xFE474655, 0xFF474651, 0xFE47464E, 0xFF45454E, 0xFF45444D, 0xFF45444B, 0xFE45444B,
  0xFE45444A, 0xFE454449, 0xFE444248, 0xFE434145, 0xFE423F43, 0xFE444044, 0xFE444043, 0xFE433E41,
  0xFF413B3C, 0xFF453E3F, 0xFF29282A, 0xFF37302F, 0xFF3F3532, 0xFF3F332E, 0xFE3E322C, 0xFE3E322C,
  0xFF3F322C, 0xFE40332B, 0xFD41322A, 0xFE41322A, 0xFF42332A, 0xFF43342A, 0xFF453429, 0xFF473528,
  0xFE453427, 0xFE483527, 0xFF493626, 0xFE4A3626, 0xFE4B3625, 0xFE4C3726, 0xFF4C3826, 0xFE513A26,
  0xFE543D27, 0xFE533C27, 0xFE543D26, 0xFF563D26, 0xFE594027, 0xFE5C4227, 0xFF5D4327, 0xFE5E4428,
  0xFE604428, 0xFE624628, 0xFE624627, 0xFE634727, 0xFF674827, 0xFE694A27, 0xFD6B4C28, 0xFE6E4C27,
  0xFF6E4D27, 0xFF6E4E28, 0xFE705029, 0xFE73512A, 0xFE765329, 0xFE76542A, 0xFE78562B, 0xFD78572B,
  0xFE7C5A2C, 0xFE7F5B2D, 0xFE815C2D, 0xFE815C2D, 0xFE815D2D, 0xFF835F2E, 0xFE85602F, 0xFE886330,
  0xFE8B652E, 0xFE8C652F, 0xFE8E6630, 0xFE8F6731, 0xFE906932, 0xFE916C33, 0xFE956E34, 0xFE976F35,
  0xFE9A7235, 0xFE9B7436, 0xFE9C7536, 0xFFA07737, 0xFEA47B39, 0xFEA67D3B, 0xFFA87E3A, 0xFEA87E3A,
  0xFEA9803B, 0xFEAE853E, 0xFEAF863D, 0xFEB0863D, 0xFEB2893F, 0xFEB68E41, 0xFEBB9243, 0xFEB99044,
  0xFEBD9545, 0xFEC39B47, 0xFEC8A14B, 0xFECDA64E, 0xFECFA94F, 0xFED8B457, 0xFEDEBC5F, 0xFEE5C465,
  0xFFE8CA6A, 0xFFECD172, 0xFFF0D775, 0xFFF5E181, 0xFFF9E98E, 0xFFFAED96, 0xFEFBF09E, 0xFEFBF1A2,
  0xFEFAEE9B, 0xFEF8E792, 0xFEF4E087, 0xFEF3DD82, 0xFEF0D679, 0xFFEBCF6F, 0xFFE8CB6D, 0xFEE5C66A,
  0xFEE2C164, 0xFFDEBA5F, 0xFED8B45B, 0xFED3AE57, 0xFED1AB55, 0xFECDA651, 0xFEC9A14F, 0xFEC39B4C,
  0xFEBD9549, 0xFEBD9448, 0xFEBA9045, 0xFEB78D44, 0xFEB18841, 0xFEB08740, 0xFEAE843E, 0xFEAC823E,
  0xFEA87F3E, 0xFEA27B3B, 0xFFA27939, 0xFFA17739, 0xFE9D7537, 0xFD9C7438, 0xFE9C7539, 0xFE9B7237,
  0xFE986F34, 0xFE946C32, 0xFE936C35, 0xFE906A33, 0xFE8E6832, 0xFF8B6431, 0xFE886331, 0xFE876231,
  0xFE855F31, 0xFE845E30, 0xFE855E2F, 0xFE835D2F, 0xFF805A2E, 0xFF7C582D, 0xFE7D592E, 0xFE7C592F,
  0xFD7B582D, 0xFD78552D, 0xFE75532C, 0xFE75542C, 0xFD75532C, 0xFD73522A, 0xFF6F4E29, 0xFE6C4C29,
  0xFE6B4C29, 0xFE6A4C2A, 0xFF694B29, 0xFF674828, 0xFE624628, 0xFE614528, 0xFF614528, 0xFF5C4227,
  0xFF5A4027, 0xFE573F27, 0xFE573E27, 0xFE563D27, 0xFF513A26, 0xFF4F3925, 0xFF4C3725, 0xFF4D3826,
  0xFF4C3625, 0xFF4A3626, 0xFF493625, 0xFE483526, 0xFE483527, 0xFE463427, 0xFE453327, 0xFE443227,
  0xFF443327, 0xFF423227, 0xFF403027, 0xFE3F3028, 0xFE3F3129, 0xFF413229, 0xFF3D2F29, 0xFE3B2E29,
  0xFF3C2F2A, 0xFF3E312C, 0xFE3E322E, 0xFE3C322F, 0xFE3A3231, 0xFE272526, 0xFE3F3838, 0xFE3F3838,
  0xFF403A3C, 0xFF413C3F, 0xFF423E41, 0xFE413E41, 0xFF434044, 0xFF444147, 0xFF444146, 0xFE434147,
  0xFF434148, 0xFE454349, 0xFE44434A, 0xFF45434B, 0xFE45454D, 0xFE45444E, 0xFE464551, 0xFE474754,
  0xFE484859, 0xFE46465C, 0xFE393B5E, 0xFE2F3168, 0xFE343684, 0xFE2C2F89, 0xFE1D208E, 0xFF242998,
  0xFF1B1E7D, 0xFE434376, 0xFD9FA1AF, 0xFDB4B6C3, 0xFE60636A, 0xFF020203, 0xFC1C1C1F, 0xFF080707,
  0xFB020202, 0xFE111011, 0xFE09080A, 0xFD6C6E7A, 0xFE9596A2, 0xFE5F627F, 0xFF00004F, 0xFF050875,
  0xFF070869, 0xFE3D3E84, 0xFF262775, 0xFF5C5F97, 0xFEA2A7C6, 0xFE878AA6, 0xFD70738D, 0xFE626578,
  0xFE5F6171, 0xFE5D5F6B, 0xFF5C5F6A, 0xFE5C5E69, 0xFE5B5D68, 0xFE5A5C65, 0xFE585A64, 0xFE595A63,
  0xFE585A62, 0xFF575961, 0xFE565760, 0xFE55565D, 0xFE55545D, 0xFE52515A, 0xFF504F57, 0xFE4F4D54,
  0xFE4D4A51, 0xFF4A464B, 0xFE534E51, 0xFF4D4547, 0xFF4A4040, 0xFF483A38, 0xFF463935, 0xFE453836,
  0xFE463835, 0xFE473833, 0xFD48372E, 0xFE47352C, 0xFF47352C, 0xFE47352C, 0xFF4B372C, 0xFE4D392B,
  0xFE4E3829, 0xFF4D3727, 0xFF4D3626, 0xFE523A29, 0xFE513A27, 0xFE513926, 0xFF503826, 0xFE533B26,
  0xFD573D27, 0xFE563C25, 0xFE563C25, 0xFF573D26, 0xFE573E26, 0xFE5A3F26, 0xFE5E4227, 0xFE5C4126,
  0xFE5D4126, 0xFE5F4226, 0xFE604427, 0xFD614527, 0xFF634524, 0xFE634525, 0xFD654625, 0xFD674725,
  0xFF684926, 0xFE694925, 0xFD6A4B27, 0xFE6D4D28, 0xFE6E4D27, 0xFE6E4D27, 0xFE705028, 0xFC745228,
  0xFE745329, 0xFE76542A, 0xFE77552A, 0xFE79582C, 0xFD7A582B, 0xFE7A582B, 0xFE7B5A2D, 0xFE7E5B2E,
  0xFE805D2E, 0xFE805D2D, 0xFE805E2D, 0xFE82602E, 0xFE856230, 0xFD886431, 0xFE856230, 0xFE88632F,
  0xFE8C6730, 0xFE8B6833, 0xFD8D6832, 0xFF8F6930, 0xFE8E6C34, 0xFD926D35, 0xFE936E36, 0xFE936D35,
  0xFE936E34, 0xFE957238, 0xFE977239, 0xFE987339, 0xFE987439, 0xFE9C783B, 0xFDA17C3C, 0xFDA07B3D,
  0xFDA37E3F, 0xFEA68241, 0xFDAB8844, 0xFEAB8843, 0xFEAC8A42, 0xFEB49047, 0xFEB9964B, 0xFEBF9D50,
  0xFEC2A254, 0xFFC7A757, 0xFECCAE5B, 0xFFD3B662, 0xFED8BC68, 0xFEDAC06F, 0xFEDEC372, 0xFEDFC572,
  0xFEDEC573, 0xFEDABE6E, 0xFED6B868, 0xFED1B360, 0xFECDAF5B, 0xFECCAC5C, 0xFFC6A458, 0xFEC29E54,
  0xFEC09D51, 0xFEBC9850, 0xFEB7934E, 0xFEB18F4C, 0xFEAF8C4A, 0xFDAD8947, 0xFEA88545, 0xFEA48143,
  0xFDA27D41, 0xFEA17C3F, 0xFE9F7A3E, 0xFE9D783E, 0xFE98743B, 0xFE97723B, 0xFD97713A, 0xFE946F37,
  0xFE926D37, 0xFE8F6A36, 0xFE8E6B36, 0xFE8D6A36, 0xFD8A6633, 0xFD8A6635, 0xFE8B6736, 0xFE8B6634,
  0xFE896332, 0xFE876132, 0xFD856133, 0xFE815E31, 0xFE7F5C31, 0xFE805C30, 0xFD7E5B30, 0xFD7C5A2F,
  0xFE7A572E, 0xFE77542C, 0xFE75532B, 0xFD76542D, 0xFE74532C, 0xFF71502B, 0xFE71512C, 0xFE6F4F2C,
  0xFD6E4D29, 0xFE6E4D2A, 0xFE6D4D2A, 0xFD6D4E2C, 0xFD6B4D2A, 0xFD6A4B28, 0xFE664727, 0xFE654729,
  0xFE66472B, 0xFE644629, 0xFE624529, 0xFF604428, 0xFE60452A, 0xFE5F4329, 0xFF5F4329, 0xFE5D4129,
  0xFE5A3F28, 0xFE563D27, 0xFE543B27, 0xFE533A27, 0xFF533A28, 0xFE503828, 0xFF4D3728, 0xFE4F3828,
  0xFF4D3627, 0xFF4B3526, 0xFE4A3527, 0xFE493427, 0xFD4A3528, 0xFE453227, 0xFE433027, 0xFE412F26,
  0xFE443127, 0xFF423028, 0xFF3D2D27, 0xFE3D2D28, 0xFE3E2F29, 0xFF40302A, 0xFF3C2E2A, 0xFF3B2E2B,
  0xFF3D302E, 0xFE3F3332, 0xFE433737, 0xFE433A3B, 0xFF423A3D, 0xFE4D474B, 0xFE504D52, 0xFE4D4A51,
  0xFE4D4C53, 0xFE504F58, 0xFE51515A, 0xFE51525B, 0xFE53545C, 0xFE53545D, 0xFF53545D, 0xFE53545D,
  0xFE54565E, 0xFE565961, 0xFE575963, 0xFF585B64, 0xFD595B65, 0xFE5A5D67, 0xFE5C5F6B, 0xFE606270,
  0xFE666877, 0xFD73768F, 0xFE9297B2, 0xFE9EA3C6, 0xFE5F629E, 0xFD484A90, 0xFD363894, 0xFF010279,
  0xFF040771, 0xFE000040, 0xFD595A76, 0xFE9C9DA8, 0xFE5B5C64, 0xFF030203, 0xFE171618, 0xFC080708,
  0xFC030303, 0xFE0E0E10, 0xFF0A090B, 0xFD656672, 0xFE90939F, 0xFE4D4F72, 0xFF03044C, 0xFF0B0B59,
  0xFF252565, 0xFE50518D, 0xFF0B0C55, 0xFE898CB0, 0xFF7C7F99, 0xFE04042A, 0xFE06071F, 0xFE38394A,
  0xFE41424B, 0xFE404147, 0xFE404146, 0xFE3F4045, 0xFF404145, 0xFE404044, 0xFE3F3F42, 0xFE404043,
  0xFE3F3F42, 0xFF3E3F42, 0xFE404042, 0xFE404042, 0xFE414143, 0xFE3F3F42, 0xFE3F3F41, 0xFE3F3E3F,
  0xFE3F3E40, 0xFF3F3F41, 0xFF3F3E3F, 0xFF404041, 0xFF404041, 0xFF424142, 0xFE414142, 0xFE414143,
  0xFE424142, 0xFE434243, 0xFD444243, 0xFE434242, 0xFE434243, 0xFE434243, 0xFF444343, 0xFE454344,
  0xFE454343, 0xFE454343, 0xFE454243, 0xFE474444, 0xFE474444, 0xFD474444, 0xFF474343, 0xFE494444,
  0xFD4A4645, 0xFD4B4644, 0xFE4A4543, 0xFE494443, 0xFE4A4644, 0xFE4B4643, 0xFE4D4744, 0xFE4C4643,
  0xFE4C4643, 0xFE4D4744, 0xFD4E4744, 0xFD504944, 0xFE504844, 0xFE504945, 0xFD514944, 0xFD514944,
  0xFE524944, 0xFE524943, 0xFD524A45, 0xFE534A45, 0xFE554B45, 0xFE544A44, 0xFE544B44, 0xFC554B44,
  0xFE554C44, 0xFE564C43, 0xFE574D43, 0xFD584E44, 0xFD574D44, 0xFE584D44, 0xFE574D44, 0xFE574C44,
  0xFD574C44, 0xFD594D43, 0xFE584D43, 0xFE584D42, 0xFD5A4F43, 0xFD5C5044, 0xFE594E43, 0xFE594E43,
  0xFE5C5044, 0xFE5A4F44, 0xFD5B4F44, 0xFE5D5043, 0xFE5C5044, 0xFE5E5244, 0xFE5F5245, 0xFE5E5143,
  0xFE5D5042, 0xFE5C5042, 0xFE5E5143, 0xFE5F5244, 0xFE5F5142, 0xFE605242, 0xFE635443, 0xFD625443,
  0xFD635544, 0xFE665744, 0xFD675743, 0xFE6A5843, 0xFE6B5943, 0xFE6F5C44, 0xFE745F44, 0xFD786345,
  0xFE7B6547, 0xFE806A49, 0xFE88704A, 0xFE8D744C, 0xFE91784D, 0xFE987E50, 0xFDA18552, 0xFEA48551,
  0xFDA18551, 0xFE997E50, 0xFE90774D, 0xFE90764D, 0xFE8C734C, 0xFE88704A, 0xFE806948, 0xFD7C6547,
  0xFD796347, 0xFE756146, 0xFE715E45, 0xFE6B5A44, 0xFE6C5B46, 0xFD6B5A46, 0xFE675744, 0xFE645544,
  0xFE635545, 0xFD645443, 0xFD615243, 0xFE5F5143, 0xFD5E5144, 0xFD605244, 0xFD605243, 0xFE5D5043,
  0xFE5C4F43, 0xFD5B4F43, 0xFE5A4F43, 0xFE594E42, 0xFD594D43, 0xFD584D43, 0xFE594E43, 0xFE5B4E43,
  0xFE594D43, 0xFE574C43, 0xFD574C44, 0xFE574D44, 0xFE574D44, 0xFE574C43, 0xFD564C43, 0xFD554B43,
  0xFE564B44, 0xFE544A43, 0xFD514943, 0xFD524A44, 0xFE524A44, 0xFE514944, 0xFE504944, 0xFE514944,
  0xFD504944, 0xFE504844, 0xFE4F4844, 0xFD4E4743, 0xFD4F4744, 0xFD4F4844, 0xFE4E4644, 0xFE4D4744,
  0xFD4E4745, 0xFE4D4744, 0xFE4C4644, 0xFF4A4543, 0xFE4A4543, 0xFE494543, 0xFF494543, 0xFE494543,
  0xFE494544, 0xFE494443, 0xFE474444, 0xFE464344, 0xFF474343, 0xFE454343, 0xFE444243, 0xFE464343,
  0xFE454243, 0xFF444243, 0xFE434243, 0xFE434243, 0xFE444343, 0xFE434243, 0xFE434243, 0xFE434243,
  0xFE434244, 0xFE434243, 0xFF414042, 0xFE414042, 0xFE414041, 0xFE414142, 0xFE404042, 0xFE3F3F41,
  0xFE3E3F41, 0xFE3E3D40, 0xFE3F3E40, 0xFE404041, 0xFF404041, 0xFE3E3E40, 0xFD404041, 0xFE404041,
  0xFE414143, 0xFE404043, 0xFE3F4042, 0xFE3F3F42, 0xFE3F4043, 0xFF404043, 0xFF3E3E42, 0xFE3E3E42,
  0xFE3E3E41, 0xFE3D3E42, 0xFF3D3E42, 0xFE3D3E43, 0xFD3D3E42, 0xFE3E3F45, 0xFE3E4048, 0xFE444650,
  0xFE373849, 0xFE00001D, 0xFE11123E, 0xFE8D90AC, 0xFE7479AB, 0xFE212462, 0xFD6A6C96, 0xFF2A2B68,
  0xFF070753, 0xFF06053F, 0xFE484B67, 0xFE9394A1, 0xFF585A62, 0xFF070708, 0xFE161517, 0xFE080708,
  0xFC020202, 0xFE0E0E0F, 0xFE09090A, 0xFE5F606A, 0xFE878895, 0xFE4B4D66, 0xFF010138, 0xFF0B0942,
  0xFF262651, 0xFE3D3E71, 0xFF0E0E3A, 0xFE9497AA, 0xFF37394D, 0xFE060609, 0xFD757884, 0xFE4A4C54,
  0xFE2B2B2E, 0xFE2B2C2F, 0xFE2C2D30, 0xFE2C2D30, 0xFF2B2C2F, 0xFF2C2C2F, 0xFF2C2D30, 0xFE2C2D30,
  0xFE2C2C2F, 0xFF2C2C2F, 0xFE2B2D2F, 0xFE2B2C2F, 0xFE2C2D2F, 0xFE2C2C2F, 0xFF2B2C2F, 0xFE2B2C2F,
  0xFF2B2C2F, 0xFF2C2C2F, 0xFF2B2C2E, 0xFF2C2D2F, 0xFF2D2D30, 0xFF2C2C2E, 0xFE2C2C2E, 0xFE2B2C2E,
  0xFF2C2C2E, 0xFE2C2C2E, 0xFE2C2C2E, 0xFE2C2C2E, 0xFF2C2C2E, 0xFF2C2D2F, 0xFF2C2C2E, 0xFF2B2C2D,
  0xFE2B2B2D, 0xFF2B2B2D, 0xFF2B2B2D, 0xFF2C2C2D, 0xFE2C2C2D, 0xFE2C2C2D, 0xFF2B2B2C, 0xFE2B2B2D,
  0xFE2C2C2D, 0xFE2B2B2C, 0xFE2B2B2C, 0xFF2B2B2C, 0xFF2C2C2D, 0xFE2B2B2C, 0xFF2B2B2C, 0xFF2A2B2C,
  0xFE2A2B2C, 0xFE2B2C2C, 0xFE2B2B2C, 0xFE2B2B2C, 0xFF2B2B2C, 0xFF2C2C2C, 0xFE2C2C2C, 0xFE2C2C2C,
  0xFF2C2C2D, 0xFF2C2C2D, 0xFE2D2D2E, 0xFE2C2D2D, 0xFE2D2D2D, 0xFF2D2C2D, 0xFE2C2C2D, 0xFD2B2B2C,
  0xFE2B2C2C, 0xFE2C2C2C, 0xFE2B2B2B, 0xFE2B2B2C, 0xFE2B2B2C, 0xFF2C2C2C, 0xFE2C2B2C, 0xFF2C2C2B,
  0xFE2C2C2D, 0xFE2D2C2D, 0xFE2D2D2D, 0xFE2C2C2C, 0xFE2C2C2C, 0xFE2C2D2D, 0xFF2D2D2C, 0xFE2E2D2D,
  0xFE2E2E2D, 0xFE2E2D2E, 0xFE2D2D2E, 0xFF2D2C2D, 0xFF2D2D2D, 0xFF2E2E2E, 0xFF2F2E2F, 0xFF2E2E2E,
  0xFE2E2E2E, 0xFF302F2E, 0xFF2F2E2E, 0xFF2E2E2E, 0xFE2E2E2E, 0xFF2F2E2E, 0xFF2F2E2E, 0xFE2E2D2D,
  0xFE2E2E2E, 0xFE302F2F, 0xFE31302F, 0xFE32312F, 0xFF31302F, 0xFF343331, 0xFF373532, 0xFE393733,
  0xFF373633, 0xFF393634, 0xFE3D3A36, 0xFE403D37, 0xFF423F38, 0xFF403D39, 0xFF433F39, 0xFF454139,
  0xFF464139, 0xFF443F39, 0xFF413E38, 0xFF433F39, 0xFF433F39, 0xFF413E38, 0xFF3C3935, 0xFF393835,
  0xFF3A3834, 0xFF373632, 0xFF363432, 0xFF343331, 0xFE343332, 0xFE343231, 0xFF32312F, 0xFF313130,
  0xFE313130, 0xFE30302E, 0xFE2F2E2D, 0xFF2E2D2D, 0xFE2F2F2E, 0xFE2F2F2E, 0xFE2F2F2E, 0xFE2F2F2E,
  0xFF2E2E2E, 0xFE2C2D2D, 0xFF2D2D2D, 0xFF2D2D2D, 0xFE2E2E2E, 0xFE2D2E2D, 0xFF2D2E2D, 0xFF2E2E2E,
  0xFF2E2D2D, 0xFF2D2E2D, 0xFE2C2D2D, 0xFE2D2D2E, 0xFE2D2E2E, 0xFF2D2D2D, 0xFE2D2D2D, 0xFE2C2D2D,
  0xFF2D2D2D, 0xFE2C2D2D, 0xFE2C2C2D, 0xFE2C2C2D, 0xFE2C2D2D, 0xFF2D2D2D, 0xFF2C2D2E, 0xFF2D2D2D,
  0xFE2D2E2E, 0xFE2C2C2D, 0xFE2B2C2C, 0xFE2C2C2D, 0xFE2C2D2D, 0xFE2C2D2D, 0xFF2C2C2D, 0xFF2C2C2D,
  0xFE2C2C2D, 0xFE2C2C2D, 0xFF2C2C2D, 0xFF2B2B2C, 0xFF2C2C2C, 0xFF2C2C2D, 0xFF2C2C2D, 0xFF2C2C2C,
  0xFF2C2C2C, 0xFF2B2B2C, 0xFE2D2C2D, 0xFE2D2D2D, 0xFF2C2C2D, 0xFF2C2C2C, 0xFF2C2C2C, 0xFF2C2C2D,
  0xFF2C2C2D, 0xFF2C2C2D, 0xFF2B2B2C, 0xFE2C2C2D, 0xFE2D2D2E, 0xFE2C2C2D, 0xFF2C2B2D, 0xFE2C2B2D,
  0xFF2C2C2D, 0xFF2C2C2D, 0xFF2B2B2D, 0xFE2B2B2C, 0xFE2B2A2D, 0xFF2B2B2D, 0xFF2B2B2D, 0xFE2B2B2D,
  0xFF2B2B2D, 0xFF2A2B2C, 0xFE2B2B2D, 0xFE2B2C2E, 0xFF2B2C2F, 0xFF2C2C2F, 0xFE2B2D2F, 0xFF2C2D2F,
  0xFF2D2D30, 0xFF2C2D30, 0xFE2C2C2F, 0xFF2C2D2F, 0xFF2C2D30, 0xFF2C2D2F, 0xFF2B2C2F, 0xFF2C2D30,
  0xFE2C2D30, 0xFE2B2C2F, 0xFF2B2C2F, 0xFF2C2C30, 0xFD2C2C30, 0xFE2B2D30, 0xFE2C2E31, 0xFE303133,
  0xFE6F727A, 0xFE787C87, 0xFE01010D, 0xFE5B5D70, 0xFE9295AA, 0xFE111338, 0xFE515378, 0xFF2D2E4A,
  0xFF040430, 0xFE040227, 0xFE47485A, 0xFE878995, 0xFE54555C, 0xFF080809, 0xFE151516, 0xFE080808,
  0xFC020202, 0xFE0E0E0F, 0xFF090909, 0xFE55565D, 0xFE797A83, 0xFE4A4B5A, 0xFF000024, 0xFF0D0C2D,
  0xFF1B1A2F, 0xFE2A2B48, 0xFE0D0D20, 0xFF989CAC, 0xFF2C2D36, 0xFE16171A, 0xFD848895, 0xFE000000,
  0xFF000000, 0xFF000000, 0xFE000000, 0xFE000000, 0xFF000000, 0xFF000000, 0xFF000000, 0xFE000000,
  0xFF000000, 0xFF000000, 0xFE000000, 0xFE000000, 0xFF000000, 0xFF000000, 0xFF000000, 0xFE000000,
  0xFE000000, 0xFF000000, 0xFF000000, 0xFF000000, 0xFF000000, 0xFF000000, 0xFE000000, 0xFF000000,
  0xFF000000, 0xFE000000, 0xFE000000, 0xFE000000, 0xFF000000, 0xFF000000, 0xFF000000, 0xFF000000,
  0xFE000000, 0xFF000000, 0xFF000000, 0xFF000000, 0xFE000000, 0xFE000000, 0xFF000000, 0xFE000000,
  0xFE000000, 0xFE000000, 0xFF000000, 0xFF000000, 0xFF000000, 0xFF000000, 0xFF000000, 0xFF000000,
  0xFF000000, 0xFE000000, 0xFE000000, 0xFE000000, 0xFF000000, 0xFF000000, 0xFE000000, 0xFE000000,
  0xFF000000, 0xFE000000, 0xFE000000, 0xFF000000, 0xFE000000, 0xFE000000, 0xFE020000, 0xFD010000,
  0xFE010000, 0xFE010000, 0xFF020101, 0xFE010100, 0xFE020100, 0xFF030101, 0xFF020101, 0xFE020101,
  0xFE030201, 0xFF040202, 0xFF040301, 0xFE030302, 0xFE030201, 0xFE030201, 0xFF030201, 0xFF030201,
  0xFE030201, 0xFE030100, 0xFE030200, 0xFF040302, 0xFF050302, 0xFE050302, 0xFF030200, 0xFF040302,
  0xFF060403, 0xFF040302, 0xFF040201, 0xFF030200, 0xFE050302, 0xFF060402, 0xFF070403, 0xFF040202,
  0xFF050301, 0xFE060402, 0xFF080603, 0xFE080603, 0xFF060402, 0xFF080503, 0xFF090603, 0xFF0C0804,
  0xFF090603, 0xFF090603, 0xFF0C0904, 0xFF0D0A04, 0xFF0E0A05, 0xFF0E0A05, 0xFF100C07, 0xFF110D08,
  0xFF110D07, 0xFF100C06, 0xFF0E0B06, 0xFF100D07, 0xFF100C06, 0xFF0E0B06, 0xFF0C0905, 0xFE0B0804,
  0xFF0C0905, 0xFF0B0805, 0xFF090603, 0xFE070402, 0xFF080602, 0xFE080704, 0xFF070503, 0xFF060403,
  0xFF070503, 0xFE070503, 0xFE060402, 0xFF050402, 0xFE040302, 0xFF030201, 0xFE040301, 0xFF030201,
  0xFF020100, 0xFE000000, 0xFE020100, 0xFE020100, 0xFE020000, 0xFE010100, 0xFF000000, 0xFF020100,
  0xFF020100, 0xFF010000, 0xFE010000, 0xFE000000, 0xFE000000, 0xFF000000, 0xFE000000, 0xFD000000,
  0xFF000000, 0xFE000000, 0xFE010000, 0xFE000000, 0xFE000000, 0xFF000000, 0xFF000000, 0xFF000000,
  0xFE000000, 0xFE000000, 0xFF000000, 0xFE000000, 0xFE000000, 0xFE000000, 0xFF000000, 0xFE000000,
  0xFE000000, 0xFF000000, 0xFF000000, 0xFF000000, 0xFF000000, 0xFF000000, 0xFF000000, 0xFE000000,
  0xFF000000, 0xFF000000, 0xFE000000, 0xFE000000, 0xFF000000, 0xFF000000, 0xFF000000, 0xFF000000,
  0xFF000000, 0xFF000000, 0xFF000000, 0xFF000000, 0xFE000000, 0xFF000000, 0xFF000000, 0xFE000000,
  0xFF000000, 0xFF000000, 0xFF000000, 0xFF000000, 0xFF000000, 0xFF000000, 0xFF000000, 0xFF000000,
  0xFF000000, 0xFF000000, 0xFE000000, 0xFE000000, 0xFF000000, 0xFF000000, 0xFE000000, 0xFF000000,
  0xFF000000, 0xFF000000, 0xFE000000, 0xFF000000, 0xFF000000, 0xFF000000, 0xFF000000, 0xFF000000,
  0xFF000000, 0xFE000000, 0xFF000000, 0xFF000000, 0xFE000000, 0xFE000000, 0xFE000000, 0xFE000000,
  0xFE000000, 0xFE959AA5, 0xFE07070C, 0xFE545660, 0xFE979BA9, 0xFF101122, 0xFE444660, 0xFF242530,
  0xFF050419, 0xFF010014, 0xFE464750, 0xFE7E7F89, 0xFE4D4E53, 0xFF080809, 0xFF141314, 0xFD070708,
  0xFD020202, 0xFE0E0D0E, 0xFE0A0909, 0xFE4E4E53, 0xFE6F7077, 0xFE4B4C54, 0xFF000018, 0xFF0C0B20,
  0xFF191A22, 0xFE282A3B, 0xFE0B0B16, 0xFE9CA0AF, 0xFF2E2F36, 0xFF151617, 0xFE7D828B, 0xFE020202,
  0xFF030303, 0xFF030304, 0xFE050506, 0xFE060607, 0xFF070707, 0xFF070808, 0xFF080809, 0xFE090909,
  0xFF090909, 0xFF09080A, 0xFE0B0A0B, 0xFE0B0B0C, 0xFF0C0B0C, 0xFE0C0B0C, 0xFF0D0C0D, 0xFE0D0C0D,
  0xFF0D0D0E, 0xFF0D0C0E, 0xFF0D0C0E, 0xFF0D0D0E, 0xFF0D0D0E, 0xFF0E0E0F, 0xFF0F0E0F, 0xFF100F10,
  0xFF100F10, 0xFE111011, 0xFE111111, 0xFE121112, 0xFF121213, 0xFF121213, 0xFF121112, 0xFF121212,
  0xFE131314, 0xFF121213, 0xFF121212, 0xFF131213, 0xFE141314, 0xFF151415, 0xFF141314, 0xFF151415,
  0xFE151415, 0xFE161515, 0xFF151516, 0xFF151516, 0xFE161516, 0xFF161616, 0xFF171617, 0xFF161617,
  0xFF161617, 0xFE181819, 0xFE1A191A, 0xFE191919, 0xFF181718, 0xFF181819, 0xFF1A191A, 0xFF1A1A1A,
  0xFF1A1A1B, 0xFF1B1B1C, 0xFE1C1C1C, 0xFE1C1B1C, 0xFE1B1B1B, 0xFF1C1B1D, 0xFE1E1D1E, 0xFD1E1E1F,
  0xFE1E1D1F, 0xFE1F1E20, 0xFF1E1E1F, 0xFE1F1E20, 0xFE1F1F20, 0xFF1F1E1F, 0xFF1F1E1F, 0xFF201F20,
  0xFE202021, 0xFE201F20, 0xFF212021, 0xFF202021, 0xFE212122, 0xFF222122, 0xFF212121, 0xFF222222,
  0xFE212122, 0xFE201F21, 0xFE212121, 0xFF232223, 0xFF252425, 0xFF242324, 0xFF232224, 0xFF232324,
  0xFF232223, 0xFF242425, 0xFF222223, 0xFF242324, 0xFF242425, 0xFF232323, 0xFF242323, 0xFE212122,
  0xFF232223, 0xFF232223, 0xFE252424, 0xFF242324, 0xFF232222, 0xFF242323, 0xFF252525, 0xFF262525,
  0xFF242324, 0xFF242323, 0xFF252424, 0xFF262524, 0xFF262524, 0xFF252424, 0xFF262524, 0xFE272626,
  0xFF272525, 0xFF262524, 0xFF242323, 0xFF262524, 0xFF262524, 0xFF242423, 0xFF242323, 0xFF242323,
  0xFE242324, 0xFF252424, 0xFF242424, 0xFE232323, 0xFF242324, 0xFE242324, 0xFE242424, 0xFF242323,
  0xFF222122, 0xFF232323, 0xFF222122, 0xFF222122, 0xFE212021, 0xFE212121, 0xFE222222, 0xFF212121,
  0xFF201F20, 0xFE1F1F1F, 0xFE202020, 0xFF1F1E20, 0xFF1E1D1E, 0xFE1D1C1D, 0xFF1E1D1E, 0xFF1D1C1D,
  0xFF1E1D1E, 0xFF1E1D1E, 0xFE1D1C1D, 0xFE1C1C1D, 0xFF1B1B1C, 0xFE1A1A1B, 0xFE1B1A1B, 0xFE1A1A1B,
  0xFF1A1A1B, 0xFE1A1A1B, 0xFE1A1A1A, 0xFE1A1A1A, 0xFF1A1A1A, 0xFF1A191A, 0xFF1A1A1A, 0xFF1B1A1B,
  0xFE1A191A, 0xFE1A191A, 0xFF19191A, 0xFE191919, 0xFE191819, 0xFE181819, 0xFF171718, 0xFE181819,
  0xFE171617, 0xFF171617, 0xFF161516, 0xFF161516, 0xFF161516, 0xFF161516, 0xFF141414, 0xFF151415,
  0xFF151516, 0xFF151516, 0xFF151415, 0xFE161617, 0xFF151415, 0xFE151415, 0xFF151415, 0xFF141314,
  0xFF131213, 0xFF121212, 0xFF141314, 0xFF121213, 0xFE121213, 0xFF131214, 0xFF121212, 0xFF121213,
  0xFF121113, 0xFF111011, 0xFF101011, 0xFE111011, 0xFE111112, 0xFF111011, 0xFF0F0F10, 0xFF0F0F10,
  0xFF0F0E0F, 0xFF0E0E10, 0xFE0F0F10, 0xFE0F0E0F, 0xFF0E0E0F, 0xFF0D0D0E, 0xFE0D0D0E, 0xFE0D0D0E,
  0xFF0D0D0E, 0xFF0D0C0D, 0xFF0C0C0D, 0xFF0B0B0C, 0xFF0A0A0B, 0xFF0A090A, 0xFF09080A, 0xFF080709,
  0xFF080809, 0xFE070708, 0xFF060607, 0xFF060506, 0xFE060606, 0xFE040405, 0xFE030304, 0xFE020202,
  0xFE020303, 0xFE838792, 0xFF060608, 0xFE54555C, 0xFE9CA0AD, 0xFE151721, 0xFE484A5B, 0xFF24242A,
  0xFF04040D, 0xFE01010C, 0xFE45464D, 0xFE767880, 0xFE49494E, 0xFF0A090A, 0xFE131213, 0xFD070607,
  0xFC020202, 0xFE0D0C0D, 0xFE090809, 0xFE4C4D51, 0xFE6A6B70, 0xFE46464C, 0xFF00000B, 0xFF090813,
  0xFF232227, 0xFE3E3F4B, 0xFF13131B, 0xFEA1A5B4, 0xFF32343A, 0xFE151516, 0xFE7E828C, 0xFE000000,
  0xFE030202, 0xFE040304, 0xFF060606, 0xFE070808, 0xFF09090A, 0xFF0A0A0B, 0xFF0C0B0C, 0xFE0D0C0D,
  0xFE0D0D0D, 0xFF0D0D0E, 0xFF0F0E0F, 0xFE0F0F10, 0xFF101011, 0xFE111112, 0xFF121112, 0xFF131213,
  0xFF131314, 0xFF131315, 0xFF131314, 0xFF131214, 0xFF121214, 0xFF131314, 0xFF141315, 0xFF161516,
  0xFF161516, 0xFE161517, 0xFE171618, 0xFE171618, 0xFF181819, 0xFF171618, 0xFF181819, 0xFF181819,
  0xFE181819, 0xFF181718, 0xFF171618, 0xFF181719, 0xFE191819, 0xFE19191A, 0xFF1A191A, 0xFE1A1A1B,
  0xFE1C1B1C, 0xFE1B1B1C, 0xFE1B1A1C, 0xFF1B1B1C, 0xFF1B1B1D, 0xFF1C1C1E, 0xFF1D1D1E, 0xFF1D1D1E,
  0xFF1D1C1E, 0xFF1D1D1E, 0xFE1E1E1F, 0xFE1E1E1F, 0xFF1F1E20, 0xFF1F1E20, 0xFE201F21, 0xFE222123,
  0xFF212022, 0xFF212123, 0xFE232324, 0xFE232324, 0xFE232324, 0xFF212123, 0xFE242425, 0xFD252527,
  0xFE242426, 0xFE262628, 0xFF252426, 0xFE252527, 0xFE252527, 0xFF262527, 0xFF262628, 0xFF252526,
  0xFE262628, 0xFE272729, 0xFF262628, 0xFF272729, 0xFE282729, 0xFE28282A, 0xFF272729, 0xFF28282A,
  0xFE292A2B, 0xFE2A2A2C, 0xFE28282A, 0xFF29292B, 0xFF29292B, 0xFF2B2B2C, 0xFF2B2B2D, 0xFF2B2A2C,
  0xFF2A292B, 0xFF2D2C2E, 0xFF2C2B2D, 0xFF2A2A2C, 0xFE2B2B2D, 0xFF2B2B2D, 0xFF2D2D2E, 0xFE2C2C2E,
  0xFE2C2C2E, 0xFE2B2B2C, 0xFE2D2D2F, 0xFF2D2D2E, 0xFF2D2C2E, 0xFF2B2B2D, 0xFF2E2E2F, 0xFF2E2E2F,
  0xFF2E2E30, 0xFF2D2D2E, 0xFF2F2F30, 0xFF2E2E2F, 0xFF302F30, 0xFF302F31, 0xFF2F2E2F, 0xFF2E2F2F,
  0xFF2E2F2F, 0xFF302F30, 0xFE2E2D2F, 0xFF2E2E2F, 0xFF2E2E2F, 0xFF2C2D2D, 0xFF29282A, 0xFF2A2A2B,
  0xFF2C2C2D, 0xFF2C2C2C, 0xFF2B2B2C, 0xFF292A2B, 0xFF2B2B2D, 0xFF2C2C2D, 0xFF2B2A2C, 0xFF2A2A2C,
  0xFF29282A, 0xFE2A2A2B, 0xFF282729, 0xFF272628, 0xFE272729, 0xFF272728, 0xFE29292A, 0xFE282729,
  0xFF272729, 0xFE262728, 0xFE272728, 0xFF262628, 0xFE252527, 0xFE252526, 0xFE232425, 0xFF242325,
  0xFF222224, 0xFF232324, 0xFE242425, 0xFE222223, 0xFE222224, 0xFF212122, 0xFE212122, 0xFE202122,
  0xFF1F1F21, 0xFF1F2021, 0xFE212021, 0xFE212021, 0xFF201F21, 0xFF201F21, 0xFE202021, 0xFF212122,
  0xFE212122, 0xFE1F1E20, 0xFF1E1E20, 0xFE1F1F20, 0xFE1E1E20, 0xFE1E1E1F, 0xFF1C1D1E, 0xFF1D1D1E,
  0xFE1D1D1E, 0xFF1C1C1D, 0xFF1C1C1D, 0xFF1A191A, 0xFF1B1B1C, 0xFF1C1B1D, 0xFF1A191A, 0xFF1B1B1C,
  0xFF1A1A1B, 0xFF1B1B1C, 0xFE1A1A1B, 0xFF1A1A1B, 0xFF1A1A1B, 0xFF1A1A1B, 0xFF19181A, 0xFF181719,
  0xFF171718, 0xFF171718, 0xFF171718, 0xFE171718, 0xFE171618, 0xFF161618, 0xFF161617, 0xFF161617,
  0xFF161517, 0xFF161516, 0xFF151416, 0xFE161516, 0xFF151416, 0xFF141315, 0xFF131314, 0xFF131314,
  0xFF131214, 0xFF131214, 0xFE131314, 0xFE121213, 0xFF121213, 0xFF121113, 0xFE111112, 0xFF111112,
  0xFF111012, 0xFF100F11, 0xFF0F0F10, 0xFF0F0E10, 0xFF0E0E0F, 0xFF0D0D0D, 0xFF0C0C0D, 0xFF0B0B0C,
  0xFF0B0B0C, 0xFE0B0A0B, 0xFF090909, 0xFF070708, 0xFE060607, 0xFE050405, 0xFE030203, 0xFE000000,
  0xFE010101, 0xFE848894, 0xFE050506, 0xFE57585E, 0xFEA0A3B1, 0xFE212124, 0xFE60616B, 0xFF2A2A2E,
  0xFF020205, 0xFF000002, 0xFE454549, 0xFE707177, 0xFE454649, 0xFF0A0A0B, 0xFE131213, 0xFE070607,
  0xFC030303, 0xFE0D0C0D, 0xFF080808, 0xFE4C4B50, 0xFE6A6A70, 0xFE48484C, 0xFF000001, 0xFF07060A,
  0xFF2A292C, 0xFE5B5B64, 0xFE212125, 0xFEA3A8B6, 0xFF36373C, 0xFE151415, 0xFE7F838D, 0xFE000000,
  0xFE030303, 0xFE040405, 0xFF070708, 0xFF09090A, 0xFF0B0A0C, 0xFF0C0C0D, 0xFF0E0D0E, 0xFE0F0E0F,
  0xFE0F0F10, 0xFF0F0F10, 0xFF111011, 0xFF121112, 0xFF121213, 0xFF121213, 0xFF131314, 0xFF141315,
  0xFF141415, 0xFF151517, 0xFF161516, 0xFF171618, 0xFF161516, 0xFF171617, 0xFE171618, 0xFF181718,
  0xFF181719, 0xFE18181A, 0xFE1A191B, 0xFF191819, 0xFF19191A, 0xFF18181A, 0xFF1A191B, 0xFF1A1A1C,
  0xFE1A1A1B, 0xFF19191A, 0xFF1A191B, 0xFF1A1A1B, 0xFE1B1A1C, 0xFE1B1B1C, 0xFF1B1A1C, 0xFF1C1B1D,
  0xFE1F1E20, 0xFF1E1D1F, 0xFF1D1C1E, 0xFF1C1C1E, 0xFF1D1E1F, 0xFF1F2021, 0xFF202021, 0xFF1F1F21,
  0xFF1F1F21, 0xFE1F1F22, 0xFE212022, 0xFE212022, 0xFF202022, 0xFF212224, 0xFE232224, 0xFE242426,
  0xFF242426, 0xFF232325, 0xFE252527, 0xFE262628, 0xFE272728, 0xFF262628, 0xFE252527, 0xFD272729,
  0xFE272729, 0xFF272729, 0xFF272729, 0xFE282829, 0xFE272729, 0xFF28282A, 0xFF27272A, 0xFF29282A,
  0xFE29282A, 0xFE2A2A2C, 0xFE29292B, 0xFF2A2A2C, 0xFE2A2A2C, 0xFE2A2A2C, 0xFF2A2A2C, 0xFF2A2A2C,
  0xFF2A2A2C, 0xFE2B2B2E, 0xFE2C2C2E, 0xFF2C2D2E, 0xFF2C2C2E, 0xFF2B2B2D, 0xFF2C2C2E, 0xFF2E2E30,
  0xFF2D2D2F, 0xFF2E2E30, 0xFF2E2E30, 0xFF2B2C2E, 0xFF2F2F32, 0xFF2E2E30, 0xFF2E2E30, 0xFE2E2E31,
  0xFF2D2D30, 0xFE2E2E30, 0xFE303032, 0xFE303032, 0xFF2F2E30, 0xFF2F2F31, 0xFF2E2E30, 0xFF313032,
  0xFF303032, 0xFF302F32, 0xFF343436, 0xFF323334, 0xFF313133, 0xFF2F3032, 0xFF313133, 0xFF303032,
  0xFF303032, 0xFF323233, 0xFF323234, 0xFF303132, 0xFF333233, 0xFF303032, 0xFF2D2D2F, 0xFF2D2D2F,
  0xFF2E2E30, 0xFF2E2E30, 0xFF2F2E30, 0xFF2D2D2F, 0xFF2E2E30, 0xFF2F2F30, 0xFF2C2C2E, 0xFF2D2D30,
  0xFF2C2C2E, 0xFF2D2D2F, 0xFF2B2B2D, 0xFF2A2A2C, 0xFF2B2B2D, 0xFF29292B, 0xFE29292C, 0xFF2A2A2C,
  0xFF29292B, 0xFE282829, 0xFF272729, 0xFF272729, 0xFF272729, 0xFE272829, 0xFF242527, 0xFF252527,
  0xFF262528, 0xFE262628, 0xFE252427, 0xFE252527, 0xFE252426, 0xFF242426, 0xFE242426, 0xFE232425,
  0xFF232324, 0xFE232325, 0xFE242425, 0xFE242426, 0xFF242425, 0xFF222224, 0xFF232325, 0xFF242326,
  0xFE232425, 0xFE232325, 0xFE222224, 0xFE222224, 0xFE212123, 0xFE202022, 0xFF1E1E20, 0xFE1E1F21,
  0xFF1F1F21, 0xFE1E1E1F, 0xFF1D1C1E, 0xFF1C1C1E, 0xFF1D1D1E, 0xFF1D1D1F, 0xFF1D1D1F, 0xFF1B1B1D,
  0xFF1D1D1E, 0xFF1C1C1E, 0xFE1C1C1E, 0xFF1B1A1C, 0xFF1A1A1B, 0xFF1B1A1C, 0xFF1A1A1C, 0xFF1A1A1B,
  0xFF19191A, 0xFF19181A, 0xFF181819, 0xFE19191A, 0xFE19181A, 0xFF18181A, 0xFF18181A, 0xFF181719,
  0xFF171819, 0xFF171719, 0xFF161617, 0xFF161517, 0xFF161518, 0xFF161517, 0xFF151517, 0xFF141416,
  0xFF141416, 0xFF151416, 0xFE151516, 0xFF141416, 0xFF141415, 0xFF141315, 0xFE131314, 0xFE131314,
  0xFF111112, 0xFF121113, 0xFE101112, 0xFF100F11, 0xFF0F0F10, 0xFF0F0E10, 0xFF0E0D0F, 0xFF0D0D0E,
  0xFF0D0C0D, 0xFE0C0C0C, 0xFF0A090B, 0xFF080809, 0xFE080808, 0xFE050506, 0xFE030304, 0xFE000000,
  0xFE010101, 0xFE868B96, 0xFE040406, 0xFE57595E, 0xFE9FA3B2, 0xFE2B2C2E, 0xFE76777F, 0xFF2F3034,
  0xFF000001, 0xFF000000, 0xFD47474B, 0xFE6F6F74, 0xFF434346, 0xFF0A0A0A, 0xFE111111, 0xFE070607,
  0xFC030202, 0xFE0C0B0C, 0xFF080808, 0xFE504F52, 0xFF646367, 0xFE404042, 0xFF010101, 0xFF060506,
  0xFF2D2C2F, 0xFE6E6E74, 0xFE2B2C2E, 0xFEA2A7B5, 0xFF37383D, 0xFE141415, 0xFE7F838C, 0xFE000000,
  0xFE030303, 0xFF050505, 0xFE080809, 0xFF0A090A, 0xFF0B0B0C, 0xFF0D0D0E, 0xFF0E0E0F, 0xFF100F10,
  0xFF100F10, 0xFF101011, 0xFF121112, 0xFF121213, 0xFF131213, 0xFF131214, 0xFF131314, 0xFF141315,
  0xFF151416, 0xFF151516, 0xFF151617, 0xFF151517, 0xFF171618, 0xFF171718, 0xFF181719, 0xFF19181A,
  0xFF1A191B, 0xFF19181A, 0xFE1A1A1C, 0xFE1B1A1C, 0xFF1A191A, 0xFF1A191B, 0xFF1A1A1C, 0xFF1A1A1C,
  0xFE1B1B1C, 0xFF1A1A1C, 0xFF1B1A1C, 0xFF1D1C1E, 0xFE1B1B1D, 0xFF1D1D1E, 0xFF1C1B1D, 0xFF1D1C1E,
  0xFE1F1F21, 0xFF1F1E20, 0xFF1F1F20, 0xFF202022, 0xFF1F1F21, 0xFF1F1F21, 0xFF202023, 0xFF212123,
  0xFF222124, 0xFF212223, 0xFE232325, 0xFE232324, 0xFF232224, 0xFF222224, 0xFE242425, 0xFE252526,
  0xFF262628, 0xFF252427, 0xFE252628, 0xFF272829, 0xFF272729, 0xFF262628, 0xFE29292B, 0xFE29292B,
  0xFE27272A, 0xFF272729, 0xFF28282A, 0xFE28282A, 0xFE272729, 0xFE29292B, 0xFF2A2A2C, 0xFF2A2A2C,
  0xFE29292B, 0xFE2A2A2C, 0xFF2B2B2D, 0xFE29292B, 0xFE2A2B2C, 0xFF2E2E30, 0xFF2D2C2F, 0xFF2B2B2E,
  0xFF2B2B2E, 0xFE2B2C2E, 0xFE2C2C2E, 0xFF2C2C2E, 0xFF2E2E31, 0xFF2D2D30, 0xFF2C2D2F, 0xFF2D2D2F,
  0xFF2F3032, 0xFF2E2E30, 0xFF2F2F31, 0xFF2E2E30, 0xFF2E2E31, 0xFF2F2F32, 0xFF2E2E30, 0xFF2D2D30,
  0xFF2D2D30, 0xFF2F2F31, 0xFE2F2F31, 0xFF323134, 0xFF2F2F31, 0xFF323235, 0xFF313133, 0xFF323233,
  0xFF2E2E31, 0xFF313134, 0xFF323234, 0xFF333335, 0xFF313233, 0xFF303032, 0xFE2F2F31, 0xFF303133,
  0xFF313133, 0xFF323234, 0xFF313234, 0xFF343435, 0xFF313133, 0xFF313133, 0xFF313233, 0xFF313033,
  0xFF303032, 0xFF303031, 0xFF303032, 0xFF2F2F31, 0xFF2E2E31, 0xFE2F2F31, 0xFF2F2F31, 0xFF2D2D2E,
  0xFF2D2D2F, 0xFE2B2B2E, 0xFF2B2B2E, 0xFF2D2D2F, 0xFE2C2C2E, 0xFF2B2B2D, 0xFE2B2B2D, 0xFF29292B,
  0xFF2A2B2D, 0xFF29292B, 0xFF29292B, 0xFF28292B, 0xFF28282A, 0xFF27282A, 0xFF27272A, 0xFF262628,
  0xFF262628, 0xFF252627, 0xFE272729, 0xFE262628, 0xFF262628, 0xFF242427, 0xFE272628, 0xFE262628,
  0xFF232425, 0xFF242426, 0xFE272729, 0xFE252526, 0xFF252526, 0xFF252426, 0xFF252426, 0xFF252527,
  0xFE242426, 0xFF222224, 0xFF222224, 0xFE212223, 0xFE222224, 0xFE212223, 0xFF1F1F21, 0xFF1F1F22,
  0xFE1F1F21, 0xFE1F1E20, 0xFF1E1E20, 0xFF1D1D1E, 0xFF1D1E1F, 0xFF1D1D1F, 0xFF1E1D1F, 0xFF1E1D1F,
  0xFF1E1D1F, 0xFF1C1C1E, 0xFE1C1C1E, 0xFF1C1C1E, 0xFF1B1A1C, 0xFF1B1B1D, 0xFF1B1B1C, 0xFF1B1A1D,
  0xFF19191B, 0xFF18181A, 0xFF19191A, 0xFF19191A, 0xFE19191B, 0xFF1A1A1B, 0xFF18181A, 0xFE181819,
  0xFF18181A, 0xFF181719, 0xFF161618, 0xFF171718, 0xFF171718, 0xFF171618, 0xFF151516, 0xFF141516,
  0xFF151416, 0xFF141416, 0xFF151416, 0xFF141416, 0xFF141315, 0xFF131315, 0xFE141415, 0xFE131314,
  0xFF121213, 0xFF121213, 0xFF111113, 0xFF101112, 0xFF111112, 0xFF100F11, 0xFF0F0E10, 0xFF0E0E0F,
  0xFF0D0D0E, 0xFF0D0D0D, 0xFF0A0A0B, 0xFF080809, 0xFE070708, 0xFE050506, 0xFE030304, 0xFE000000,
  0xFE010101, 0xFE868A95, 0xFE040305, 0xFF57595E, 0xFF9FA4B2, 0xFE2D2E2F, 0xFE7A7B83, 0xFF323336,
  0xFF000000, 0xFF010101, 0xFE3C3C3E, 0xFE656469, 0xFE424246, 0xFF0A0A0A, 0xFE101010, 0xFE070607,
  0xFC020202, 0xFE0B0B0B, 0xFF020202, 0xFE1B1A1C, 0xFE262526, 0xFE151415, 0xFF050506, 0xFF030303,
  0xFF2F2F31, 0xFE73747A, 0xFF2F2F32, 0xFEA2A7B5, 0xFF38393E, 0xFF141314, 0xFD81858F, 0xFE000000,
  0xFF030203, 0xFF050505, 0xFF090809, 0xFE0A0A0B, 0xFF0C0C0D, 0xFF0D0D0E, 0xFF0F0F0F, 0xFF111011,
  0xFF101011, 0xFF100F11, 0xFF121112, 0xFE131314, 0xFF141315, 0xFF141315, 0xFF141415, 0xFE141415,
  0xFF161517, 0xFF171618, 0xFF151517, 0xFF171718, 0xFF171718, 0xFF18181A, 0xFF19191A, 0xFF19191A,
  0xFF19191A, 0xFF1B1B1D, 0xFE1A1A1C, 0xFF1B1A1C, 0xFF1C1B1D, 0xFF1B1B1C, 0xFF1B1B1C, 0xFF1C1C1E,
  0xFE1D1D1E, 0xFF1C1C1E, 0xFF1C1B1E, 0xFF1C1C1E, 0xFE1E1E1F, 0xFF1E1E1F, 0xFF1E1E20, 0xFF1D1D1F,
  0xFE1E1E20, 0xFF202021, 0xFF201F22, 0xFF1F1F21, 0xFF202022, 0xFF202122, 0xFF222124, 0xFF222224,
  0xFF222223, 0xFF232325, 0xFE232325, 0xFF232426, 0xFF242426, 0xFF242426, 0xFE252528, 0xFE252527,
  0xFF252427, 0xFF272629, 0xFE29292B, 0xFF28282A, 0xFE28282A, 0xFF28282A, 0xFE28282A, 0xFD2A2A2C,
  0xFE28282A, 0xFF29292B, 0xFF29292B, 0xFE2A2A2C, 0xFE28292B, 0xFF29292B, 0xFF2A2A2C, 0xFF292A2C,
  0xFE2B2B2D, 0xFE2C2C2E, 0xFF2C2B2E, 0xFF2C2C2E, 0xFF2B2A2C, 0xFE2C2C2E, 0xFF2C2C2E, 0xFF2B2B2E,
  0xFE2C2D2F, 0xFE2D2D2F, 0xFE2C2D2F, 0xFF2D2D2F, 0xFF2F2F31, 0xFF2F2F31, 0xFF2B2C2E, 0xFF2D2E30,
  0xFF2F2F31, 0xFF2E2F31, 0xFF2E2E30, 0xFE2E2E31, 0xFF2E2E31, 0xFF2E2F31, 0xFF323234, 0xFE333336,
  0xFF303033, 0xFF303032, 0xFE313133, 0xFF313133, 0xFF313133, 0xFF313134, 0xFF313234, 0xFF333435,
  0xFF313133, 0xFF303032, 0xFF303032, 0xFF323234, 0xFF323235, 0xFF303133, 0xFF323234, 0xFF333436,
  0xFF333335, 0xFF313234, 0xFF323336, 0xFF333436, 0xFF353537, 0xFF353537, 0xFF333436, 0xFF313133,
  0xFF313234, 0xFF303133, 0xFF303132, 0xFF303133, 0xFF2E2F31, 0xFF313133, 0xFF2E2F30, 0xFF2E2E30,
  0xFF2F2F31, 0xFF2D2E30, 0xFF2D2D2F, 0xFF2C2C2E, 0xFE2E2E30, 0xFE2C2D2F, 0xFE2B2B2D, 0xFF2B2B2D,
  0xFF2A2A2C, 0xFF292A2C, 0xFF2A2A2C, 0xFF2A2A2C, 0xFF29292B, 0xFE28282A, 0xFF28282A, 0xFF28282A,
  0xFF27272A, 0xFF262728, 0xFE28282A, 0xFF272729, 0xFF272729, 0xFF272729, 0xFE252627, 0xFE272729,
  0xFF262628, 0xFF242526, 0xFE252627, 0xFE262628, 0xFF272628, 0xFF252427, 0xFF232425, 0xFF252527,
  0xFE242426, 0xFE242426, 0xFF222224, 0xFE222324, 0xFE222224, 0xFE222223, 0xFF201F22, 0xFF1F1F21,
  0xFE202022, 0xFF1F1F22, 0xFF1F1F22, 0xFF1E1E20, 0xFF1E1E20, 0xFF1F1F20, 0xFF1D1D1F, 0xFF1D1D1F,
  0xFF1D1D1F, 0xFF1E1E20, 0xFE1D1D1F, 0xFF1D1C1F, 0xFF1C1C1D, 0xFF1C1C1E, 0xFF1C1C1D, 0xFF1B1B1D,
  0xFF1A1A1C, 0xFF19191B, 0xFF1A1A1C, 0xFF1A191B, 0xFE1A1A1B, 0xFF18191A, 0xFF19181A, 0xFF181819,
  0xFF18181A, 0xFF18181A, 0xFF171619, 0xFF181719, 0xFF171718, 0xFF161517, 0xFF161517, 0xFF151517,
  0xFF161517, 0xFF151517, 0xFF151517, 0xFF151416, 0xFF141416, 0xFF131315, 0xFE131314, 0xFF131314,
  0xFF131315, 0xFF131314, 0xFF121213, 0xFF121213, 0xFF111112, 0xFF111012, 0xFF100F11, 0xFF0E0E10,
  0xFF0E0D0F, 0xFE0D0D0E, 0xFF0B0B0C, 0xFF08090A, 0xFE070708, 0xFE050506, 0xFF030304, 0xFE000001,
  0xFE010100, 0xFE868A95, 0xFE040405, 0xFF57595E, 0xFFA0A5B3, 0xFE2A2B2B, 0xFE797A81, 0xFF333438,
  0xFF000000, 0xFF080708, 0xFE121213, 0xFE2D2C2E, 0xFE1F1F20, 0xFF060506, 0xFE100F10, 0xFE070607,
  0xFD020202, 0xFE0B0A0B, 0xFF050505, 0xFE4F4E51, 0xFE68686D, 0xFE3B3C40, 0xFF000000, 0xFF040404,
  0xFF2D2D2F, 0xFE717278, 0xFF2F2F32, 0xFEA3A8B6, 0xFF3A3B40, 0xFE141313, 0xFE828690, 0xFE000000,
  0xFE030203, 0xFF050505, 0xFF080809, 0xFF0A0B0B, 0xFF0C0C0D, 0xFF0E0D0E, 0xFF0F0F10, 0xFF111012,
  0xFF111112, 0xFF111112, 0xFE131314, 0xFE141314, 0xFF151416, 0xFF151416, 0xFF161516, 0xFE161617,
  0xFF151517, 0xFF171718, 0xFF161618, 0xFF171719, 0xFF181819, 0xFF19191A, 0xFF1A1A1B, 0xFF1A1A1C,
  0xFF1B1A1C, 0xFE1C1B1D, 0xFE1C1C1E, 0xFF1B1B1C, 0xFF1B1B1D, 0xFF1C1B1E, 0xFF1A1A1D, 0xFF1C1C1E,
  0xFF1D1D1E, 0xFF1D1D1E, 0xFF1D1D1F, 0xFF1E1E20, 0xFE1E1D1F, 0xFE1F1E20, 0xFF1E1E20, 0xFF202022,
  0xFF201F21, 0xFF212122, 0xFF202022, 0xFF202022, 0xFF212224, 0xFF212224, 0xFF232325, 0xFF222224,
  0xFE232225, 0xFE232426, 0xFF242426, 0xFF252627, 0xFF252528, 0xFF252527, 0xFE252527, 0xFF262628,
  0xFF252528, 0xFF252527, 0xFE272729, 0xFE27272A, 0xFF272729, 0xFE28282A, 0xFE28282B, 0xFD29292B,
  0xFF292A2B, 0xFF29292C, 0xFF29292B, 0xFE28282B, 0xFF2A2A2C, 0xFF2A2A2D, 0xFF292A2C, 0xFF2A2A2C,
  0xFE2B2B2D, 0xFE2C2C2F, 0xFF2C2C2E, 0xFF2B2B2D, 0xFF2C2C2F, 0xFE2D2D30, 0xFF2C2C2E, 0xFE2D2D2F,
  0xFE2D2D30, 0xFE2C2C2F, 0xFE2D2D2F, 0xFF2D2D2F, 0xFF2E2E30, 0xFE2E2D30, 0xFF2F2F32, 0xFF2E2E31,
  0xFF2E2E31, 0xFF303033, 0xFF2F2F31, 0xFF2E2E31, 0xFF2F2F31, 0xFF2F3032, 0xFF303133, 0xFE2F2F31,
  0xFF303033, 0xFF303133, 0xFE313133, 0xFF303033, 0xFF2F2F31, 0xFF313234, 0xFF313134, 0xFF313133,
  0xFF303033, 0xFF313134, 0xFF313234, 0xFF313133, 0xFF313133, 0xFF303133, 0xFF313134, 0xFF323335,
  0xFF353537, 0xFF333335, 0xFF333436, 0xFF343436, 0xFF353536, 0xFF323334, 0xFF323235, 0xFF333335,
  0xFF323234, 0xFF313233, 0xFF313133, 0xFF303032, 0xFF303032, 0xFF303033, 0xFF303032, 0xFF2E2E31,
  0xFF2E2E30, 0xFF2D2D2F, 0xFF2D2E30, 0xFF2E2E30, 0xFE2C2C2F, 0xFF2D2D2F, 0xFE2D2C2F, 0xFF2C2C2E,
  0xFF2D2C2F, 0xFF2B2B2E, 0xFF2A2A2C, 0xFF2A2A2D, 0xFF2A2A2C, 0xFE292A2C, 0xFF292A2B, 0xFF28282A,
  0xFF27282A, 0xFF27282A, 0xFE28292B, 0xFE27282A, 0xFE272729, 0xFF272729, 0xFE272729, 0xFE28282A,
  0xFF252628, 0xFF262628, 0xFF262628, 0xFE262628, 0xFF262628, 0xFF252527, 0xFF242526, 0xFF242426,
  0xFE252527, 0xFF232325, 0xFF222224, 0xFE232326, 0xFE232325, 0xFE222224, 0xFF202022, 0xFF1F2022,
  0xFE202022, 0xFF1F1F21, 0xFF1E1E20, 0xFF1E1F20, 0xFF1F2021, 0xFF1E1E20, 0xFF1E1D1F, 0xFF1E1E20,
  0xFF1D1D1F, 0xFF1E1E20, 0xFE1D1D1F, 0xFE1E1D1F, 0xFF1C1B1D, 0xFF1C1C1D, 0xFF1C1C1E, 0xFF1C1B1D,
  0xFF1A1A1C, 0xFF19191B, 0xFF1A1A1C, 0xFE19191B, 0xFE19191B, 0xFF19191B, 0xFF19191A, 0xFE19191A,
  0xFF18181A, 0xFF18171A, 0xFF171719, 0xFF181719, 0xFE171719, 0xFF161619, 0xFF161617, 0xFF151517,
  0xFF151517, 0xFF151517, 0xFE161617, 0xFF151517, 0xFF151516, 0xFF131315, 0xFE131315, 0xFE131315,
  0xFF131314, 0xFF131214, 0xFE131314, 0xFF121213, 0xFF111112, 0xFF111011, 0xFF101011, 0xFF0F0E10,
  0xFF0E0E0F, 0xFE0D0D0E, 0xFF0B0B0C, 0xFF090809, 0xFE070708, 0xFE050506, 0xFE020304, 0xFF000001,
  0xFE010000, 0xFE888C96, 0xFE040405, 0xFF56595E, 0xFEA0A6B3, 0xFE29292A, 0xFE76787E, 0xFF333438,
  0xFF000000, 0xFF000000, 0xFE404044, 0xFE747379, 0xFF4C4B4E, 0xFF0A0A0B, 0xFE0D0C0D, 0xFE060606,
  0xFC020202, 0xFE0C0A0B, 0xFE030303, 0xFE343435, 0xFE3F3F41, 0xFE1E1E1F, 0xFF030304, 0xFF030303,
  0xFF2B2C2E, 0xFE6C6D72, 0xFE2E2E31, 0xFEA1A6B4, 0xFF383A3E, 0xFE141414, 0xFE838791, 0xFE000000,
  0xFF020202, 0xFF050405, 0xFF080708, 0xFF0A0A0A, 0xFF0C0C0D, 0xFF0D0D0E, 0xFF0F0F0F, 0xFE111012,
  0xFE121213, 0xFF111112, 0xFE141315, 0xFE141415, 0xFF151415, 0xFF151516, 0xFF161516, 0xFF161617,
  0xFF171719, 0xFF171719, 0xFF171719, 0xFF161618, 0xFF19181A, 0xFF1A191B, 0xFE1A191B, 0xFF1A191B,
  0xFF1C1B1C, 0xFE1C1B1D, 0xFE1C1C1E, 0xFF1B1B1C, 0xFF1B1B1C, 0xFF1C1C1E, 0xFF1C1C1F, 0xFF1B1B1D,
  0xFF1D1D1F, 0xFF1D1D1E, 0xFF1E1E1F, 0xFF1F1F21, 0xFE1F1E20, 0xFF1F1F21, 0xFF1F1E20, 0xFF201F21,
  0xFE212122, 0xFF212122, 0xFF212023, 0xFF202023, 0xFE222224, 0xFF232325, 0xFF222325, 0xFF222325,
  0xFF222224, 0xFE252527, 0xFE252527, 0xFE262628, 0xFF252427, 0xFF252527, 0xFE252527, 0xFF262628,
  0xFF262728, 0xFF252628, 0xFE29292B, 0xFE272729, 0xFF272829, 0xFF27282A, 0xFE292A2C, 0xFE292A2C,
  0xFF28292B, 0xFF2A2A2D, 0xFF2A2A2C, 0xFE29292B, 0xFE292A2C, 0xFF2A2A2C, 0xFF29292C, 0xFF2C2B2D,
  0xFE2C2C2E, 0xFE2B2B2D, 0xFF2B2B2E, 0xFF2C2C2F, 0xFF2C2C2E, 0xFE2E2E30, 0xFF2C2C2E, 0xFF2E2E30,
  0xFE2E2E30, 0xFE2E2E30, 0xFE2E2D30, 0xFF2C2C2F, 0xFF2E2E30, 0xFF2E2F31, 0xFF2E2F31, 0xFF303032,
  0xFF2F2F32, 0xFF303033, 0xFF313133, 0xFF2F2F31, 0xFF313133, 0xFF313133, 0xFF313133, 0xFE2E2F32,
  0xFF2E2F32, 0xFF303133, 0xFE313234, 0xFF313234, 0xFF2F3032, 0xFF313133, 0xFF313234, 0xFF323234,
  0xFF323235, 0xFF313134, 0xFF323335, 0xFF323234, 0xFF313234, 0xFF313134, 0xFF323234, 0xFF333436,
  0xFF343437, 0xFF333336, 0xFF323335, 0xFF323335, 0xFF333335, 0xFF353537, 0xFF313133, 0xFF313133,
  0xFF323335, 0xFF323234, 0xFF313134, 0xFF303033, 0xFF313133, 0xFF2F3032, 0xFF2E2E31, 0xFF2F2F31,
  0xFF303132, 0xFF2F2F32, 0xFF2F2F31, 0xFF2D2D2F, 0xFE2B2C2E, 0xFE2B2C2E, 0xFE2D2D30, 0xFF2D2C2F,
  0xFF2B2B2D, 0xFF2A2B2D, 0xFF2B2B2D, 0xFF2A2A2C, 0xFF2A2A2C, 0xFE292A2C, 0xFF2A2B2C, 0xFF29292C,
  0xFF29292C, 0xFF27282A, 0xFE29292B, 0xFE28282A, 0xFF28282A, 0xFF28282A, 0xFE29292B, 0xFE28292B,
  0xFF262729, 0xFF262629, 0xFE262728, 0xFE28282A, 0xFF262729, 0xFF262628, 0xFF262628, 0xFF262628,
  0xFE252627, 0xFE242426, 0xFF242426, 0xFE242426, 0xFE232325, 0xFE222224, 0xFF202022, 0xFF202123,
  0xFE212123, 0xFF212123, 0xFF1F1F21, 0xFF1E1E20, 0xFF1F1F20, 0xFF1F1F20, 0xFF1E1D20, 0xFF1E1E20,
  0xFF1D1D1F, 0xFF1D1E1F, 0xFE1D1D1F, 0xFF1C1C1E, 0xFF1B1B1D, 0xFF1C1C1E, 0xFF1C1C1E, 0xFF1B1C1D,
  0xFF1B1B1C, 0xFF191A1B, 0xFF1A1A1C, 0xFF1A1A1C, 0xFE1A1A1C, 0xFF191A1C, 0xFF19191B, 0xFE19181A,
  0xFF19191B, 0xFF19191A, 0xFF171719, 0xFF171719, 0xFF171719, 0xFF171618, 0xFF161618, 0xFF151517,
  0xFF151517, 0xFF161617, 0xFE161617, 0xFF151416, 0xFF141416, 0xFF131315, 0xFE131315, 0xFF131315,
  0xFF131415, 0xFF131314, 0xFF121214, 0xFF121112, 0xFF111112, 0xFF111012, 0xFF0F0F11, 0xFF0F0F10,
  0xFF0E0E0F, 0xFE0D0D0E, 0xFF0B0A0C, 0xFF080809, 0xFE070808, 0xFE050506, 0xFF020203, 0xFE000001,
  0xFE010101, 0xFE868B95, 0xFE030304, 0xFE56595E, 0xFE9FA4B1, 0xFE272627, 0xFE707177, 0xFF303134,
  0xFF000000, 0xFF050505, 0xFE202021, 0xFE3F3E41, 0xFE2F2F31, 0xFF060607, 0xFE0F0F0F, 0xFE060606,
  0xFD010101, 0xFE0B0A0B, 0xFF020202, 0xFE1F1F20, 0xFE2F2F31, 0xFE202022, 0xFF020203, 0xFF030303,
  0xFF2A2A2C, 0xFE66666B, 0xFF2B2B2D, 0xFFA2A7B4, 0xFF3A3B40, 0xFF121212, 0xFE838791, 0xFE000000,
  0xFF030203, 0xFF050506, 0xFF080808, 0xFF0A0A0B, 0xFF0C0C0D, 0xFF0E0E0E, 0xFF0F0F0F, 0xFF101011,
  0xFF111112, 0xFF121213, 0xFF141315, 0xFE151415, 0xFF161617, 0xFF161618, 0xFF161617, 0xFF171618,
  0xFF181719, 0xFF18181A, 0xFF18181A, 0xFF181719, 0xFF181819, 0xFF19191A, 0xFF1A191B, 0xFF1B1A1C,
  0xFF1B1A1C, 0xFF1B1B1D, 0xFE1C1C1D, 0xFF1B1B1C, 0xFF1C1C1E, 0xFF1C1C1E, 0xFF1B1B1D, 0xFF1C1C1D,
  0xFF1D1D1E, 0xFF1E1E1F, 0xFF1E1E20, 0xFF1F1F21, 0xFF202022, 0xFF202022, 0xFF1F1F21, 0xFF202022,
  0xFE202022, 0xFF212123, 0xFF202022, 0xFF202122, 0xFF212224, 0xFF222324, 0xFF222325, 0xFF232326,
  0xFF242426, 0xFF252426, 0xFE242527, 0xFF262628, 0xFF232325, 0xFF262628, 0xFE272729, 0xFE252628,
  0xFF272829, 0xFF262628, 0xFE272829, 0xFF27282A, 0xFF29292B, 0xFE272729, 0xFE292A2C, 0xFE2B2B2D,
  0xFE28292B, 0xFF2A2B2C, 0xFF292A2C, 0xFE2A2A2C, 0xFE292A2C, 0xFF2A2A2C, 0xFF2A2A2D, 0xFF2B2B2D,
  0xFE2B2B2E, 0xFE2C2C2E, 0xFF2C2C2E, 0xFF2A2B2D, 0xFE2B2C2E, 0xFE2C2C2F, 0xFF2C2D2F, 0xFF2D2E30,
  0xFE2E2F31, 0xFF2D2E30, 0xFF2D2D30, 0xFF2C2C2F, 0xFF2E2F31, 0xFF2F2F31, 0xFF2F2F31, 0xFF2F2E31,
  0xFF323234, 0xFF303133, 0xFF303133, 0xFF2F2F32, 0xFF2F3032, 0xFF303133, 0xFF303133, 0xFF2F2F31,
  0xFF303032, 0xFF2F3032, 0xFE313234, 0xFE303032, 0xFF303133, 0xFF313134, 0xFF313133, 0xFF323334,
  0xFF313134, 0xFF313133, 0xFF303133, 0xFF313234, 0xFF313133, 0xFF2F3032, 0xFF313133, 0xFF303133,
  0xFF313133, 0xFF333336, 0xFF303133, 0xFF323335, 0xFF333336, 0xFF343436, 0xFF313134, 0xFF313133,
  0xFF323234, 0xFF313233, 0xFF2F2F32, 0xFF2F3032, 0xFF313134, 0xFF303133, 0xFF303032, 0xFF2D2E30,
  0xFF2D2E30, 0xFF303133, 0xFF2E2E30, 0xFF2C2C2E, 0xFE2D2D30, 0xFF2C2C2F, 0xFF2C2D2F, 0xFF2B2B2E,
  0xFF2C2D2F, 0xFE2B2C2E, 0xFF29292C, 0xFF292A2C, 0xFF292A2C, 0xFE29292C, 0xFF28292B, 0xFF2A2A2C,
  0xFF2B2B2D, 0xFF29292B, 0xFE292A2C, 0xFE28282A, 0xFF272729, 0xFF27282A, 0xFE29292B, 0xFE28292B,
  0xFF27282A, 0xFE262729, 0xFE272729, 0xFE262628, 0xFF252527, 0xFF242426, 0xFF262628, 0xFF252527,
  0xFE252527, 0xFE252527, 0xFF242426, 0xFE232426, 0xFE232325, 0xFE222324, 0xFF1F1F22, 0xFF202023,
  0xFF212124, 0xFF202022, 0xFF1F2021, 0xFF1E1E20, 0xFF1F1F21, 0xFF1E1F21, 0xFF1E1E20, 0xFF1D1E20,
  0xFF1D1D1F, 0xFF1C1C1E, 0xFF1D1D1F, 0xFF1E1E21, 0xFF1C1B1D, 0xFF1B1B1D, 0xFF1B1B1D, 0xFF1C1C1D,
  0xFF1A1B1C, 0xFF19191A, 0xFF1B1B1C, 0xFF1A1A1C, 0xFF19191B, 0xFF191A1B, 0xFF19191B, 0xFF18181A,
  0xFF181819, 0xFF18181A, 0xFF171719, 0xFF18181A, 0xFF171719, 0xFF171719, 0xFF161617, 0xFF161617,
  0xFF151517, 0xFF161618, 0xFF161517, 0xFF151516, 0xFF141516, 0xFF131315, 0xFE131415, 0xFF131415,
  0xFF131315, 0xFF131314, 0xFF121213, 0xFF121214, 0xFF111112, 0xFF101012, 0xFF0F0F11, 0xFF0E0E0F,
  0xFF0E0E0F, 0xFE0D0D0E, 0xFF0A0A0B, 0xFF080809, 0xFE070708, 0xFE050506, 0xFF030303, 0xFE000001,
  0xFE000100, 0xFE848893, 0xFE020303, 0xFE56585D, 0xFF9DA3B1, 0xFE222222, 0xFE65666B, 0xFF2B2D2F,
  0xFF000000, 0xFF050505, 0xFE19191B, 0xFF373739, 0xFF29282A, 0xFF050505, 0xFE0E0E0E, 0xFE050505,
  0xFC020201, 0xFE0B0A0A, 0xFF040404, 0xFF47474A, 0xFE616065, 0xFE38393C, 0xFF000000, 0xFF050404,
  0xFF28292B, 0xFE606166, 0xFF28282A, 0xFF9EA3B1, 0xFF3A3A3F, 0xFF131213, 0xFE81868F, 0xFE000000,
  0xFF020202, 0xFE050505, 0xFF080808, 0xFE0A0A0B, 0xFF0C0C0D, 0xFF0E0D0E, 0xFF0F0F10, 0xFF101011,
  0xFF111111, 0xFF111112, 0xFE131314, 0xFE151415, 0xFF151415, 0xFF151516, 0xFF161617, 0xFF161617,
  0xFF181719, 0xFF18181A, 0xFF181719, 0xFF19181A, 0xFF18191A, 0xFF1A191B, 0xFF1A1A1B, 0xFF1A1A1B,
  0xFF1B1B1D, 0xFF1B1B1C, 0xFE1D1C1D, 0xFE1C1C1D, 0xFF1C1C1D, 0xFF1B1A1C, 0xFF1B1B1D, 0xFF1B1B1D,
  0xFF1D1D1F, 0xFF1C1C1E, 0xFF1D1C1F, 0xFF1E1F20, 0xFF1F1F21, 0xFF202022, 0xFF1E1E1F, 0xFF1F1F21,
  0xFE212123, 0xFF201F21, 0xFF212123, 0xFF202022, 0xFF202123, 0xFF222325, 0xFF232325, 0xFF232326,
  0xFF232325, 0xFF252628, 0xFE252527, 0xFE262628, 0xFF242526, 0xFF242526, 0xFE262629, 0xFF262627,
  0xFF252527, 0xFF262628, 0xFE262728, 0xFE28292B, 0xFF272729, 0xFF28282A, 0xFE28292B, 0xFD292A2B,
  0xFE292A2B, 0xFF28292A, 0xFE29292B, 0xFE29292B, 0xFF2A2A2C, 0xFF2A2A2C, 0xFF2A2A2C, 0xFF2B2A2D,
  0xFE2C2C2E, 0xFE2C2C2E, 0xFF2B2A2C, 0xFF2A2B2D, 0xFF2C2C2D, 0xFE2C2C2E, 0xFF2C2D2F, 0xFF2E2E30,
  0xFF2D2E30, 0xFF2E2D30, 0xFE2D2D2F, 0xFF2E2E30, 0xFF2F3032, 0xFF2E2F31, 0xFF2F3032, 0xFF303033,
  0xFF2F3032, 0xFF2F3032, 0xFF313133, 0xFF2F2F31, 0xFF2E2E30, 0xFF2F2F31, 0xFF303133, 0xFE303033,
  0xFF2F2F32, 0xFF313133, 0xFE323234, 0xFE323233, 0xFF2F3031, 0xFF2F2F31, 0xFF313133, 0xFF313132,
  0xFF303133, 0xFF313134, 0xFF353537, 0xFF313233, 0xFF303133, 0xFF323234, 0xFF303132, 0xFF323335,
  0xFF313133, 0xFF303032, 0xFF313234, 0xFF313133, 0xFF323234, 0xFF323234, 0xFF2F3032, 0xFF313133,
  0xFF313133, 0xFF313234, 0xFF313133, 0xFF2F3032, 0xFF303032, 0xFF2C2E2F, 0xFF2E2F31, 0xFF2F3032,
  0xFF2D2E30, 0xFF2C2C2E, 0xFF2C2D2F, 0xFF2D2E2F, 0xFE2B2B2E, 0xFF2C2C2E, 0xFF2C2C2F, 0xFF2A2B2D,
  0xFF292A2C, 0xFF2B2B2D, 0xFF2A2B2D, 0xFF2A2A2D, 0xFF29292B, 0xFE28292B, 0xFF292A2C, 0xFF29292B,
  0xFF28282A, 0xFF28282A, 0xFE292A2C, 0xFE28282A, 0xFF262629, 0xFF272829, 0xFE272729, 0xFE28282A,
  0xFF272729, 0xFF27282A, 0xFE262628, 0xFE272728, 0xFF252527, 0xFF242426, 0xFF242426, 0xFF242426,
  0xFE232425, 0xFF232426, 0xFF232326, 0xFE242426, 0xFE232325, 0xFE212123, 0xFF1F1F22, 0xFF1F1F21,
  0xFF1F1F21, 0xFE202022, 0xFF1E1E20, 0xFF1E1E20, 0xFF1E1E20, 0xFF1E1F20, 0xFF1E1E20, 0xFF1E1E20,
  0xFF1E1F20, 0xFF1D1E20, 0xFF1C1C1E, 0xFF1C1C1F, 0xFF1B1C1E, 0xFF1C1C1D, 0xFF1C1C1D, 0xFF1B1B1C,
  0xFF1B1B1D, 0xFF1A191B, 0xFF1A1A1B, 0xFF1A1A1B, 0xFE1A191C, 0xFF19191B, 0xFF18181A, 0xFF18181A,
  0xFF18181A, 0xFF181819, 0xFF171619, 0xFE171719, 0xFF181819, 0xFF171618, 0xFF161618, 0xFF151617,
  0xFF151517, 0xFF161618, 0xFF151617, 0xFE151516, 0xFF141415, 0xFF141415, 0xFE131315, 0xFF131314,
  0xFF131315, 0xFF121214, 0xFF121213, 0xFF111113, 0xFF111112, 0xFF101011, 0xFF0E0E10, 0xFF0E0E0F,
  0xFF0D0D0E, 0xFF0D0D0E, 0xFF0A0A0B, 0xFF080809, 0xFE070708, 0xFE050506, 0xFF020303, 0xFF000000,
  0xFE000100, 0xFE838893, 0xFF030303, 0xFE54565C, 0xFF9AA0AD, 0xFE1F1F1F, 0xFF5D5E63, 0xFF28292B,
  0xFF000000, 0xFF000000, 0xFE3C3C40, 0xFE717177, 0xFF454548, 0xFF050505, 0xFE0D0D0D, 0xFE050505,
  0xFC020201, 0xFF0B0A0B, 0xFF020201, 0xFE242425, 0xFE373739, 0xFE1D1D1E, 0xFF040304, 0xFF030303,
  0xFF28282A, 0xFE5D5D62, 0xFF252526, 0xFE9CA0AD, 0xFF38393D, 0xFF131313, 0xFD81868F, 0xFE000000,
  0xFE030303, 0xFF050505, 0xFF080909, 0xFE0B0B0B, 0xFF0D0C0D, 0xFF0E0E0E, 0xFF100F0F, 0xFF111011,
  0xFF121112, 0xFF111112, 0xFE141315, 0xFE141314, 0xFF151415, 0xFF151516, 0xFF161617, 0xFF161517,
  0xFF171718, 0xFF18181A, 0xFF171618, 0xFF171618, 0xFF171719, 0xFF19191A, 0xFF1B1A1C, 0xFF1B1B1C,
  0xFF1A1A1B, 0xFF1C1B1D, 0xFE1B1B1C, 0xFE1C1C1D, 0xFF1C1C1D, 0xFF1B1A1D, 0xFF1C1C1E, 0xFF1D1C1E,
  0xFF1F1F21, 0xFF1E1F20, 0xFF1E1D1F, 0xFF1E1E20, 0xFF1F1F20, 0xFF202022, 0xFF1F1F21, 0xFF1F1F21,
  0xFE212123, 0xFF222123, 0xFF202022, 0xFF202022, 0xFF202123, 0xFE222123, 0xFF222224, 0xFF232325,
  0xFF232325, 0xFF242326, 0xFE252527, 0xFE252527, 0xFF252527, 0xFF242526, 0xFE252527, 0xFE272729,
  0xFF242527, 0xFF232325, 0xFE272829, 0xFE28282A, 0xFE272729, 0xFF272729, 0xFE272729, 0xFE28282A,
  0xFE272829, 0xFF272729, 0xFF28282A, 0xFE28292A, 0xFF292A2B, 0xFF2A292B, 0xFF292A2C, 0xFF29292B,
  0xFE2C2C2E, 0xFE2C2C2E, 0xFF2B2B2D, 0xFF2B2B2D, 0xFF2A2B2C, 0xFF2C2C2E, 0xFF2B2C2E, 0xFF2B2B2D,
  0xFF2D2D2F, 0xFF303032, 0xFE2D2E30, 0xFF2D2D2F, 0xFF2F2F31, 0xFF313133, 0xFF303032, 0xFF313133,
  0xFE303032, 0xFF313132, 0xFF2F2F30, 0xFE2D2D2F, 0xFF2E2F31, 0xFF2F2F31, 0xFF2F2F31, 0xFF2F2F31,
  0xFF303032, 0xFF303133, 0xFE313234, 0xFF313233, 0xFF303132, 0xFF333335, 0xFF333335, 0xFF343436,
  0xFF333335, 0xFF313134, 0xFF313233, 0xFF323233, 0xFF303032, 0xFF303032, 0xFF313133, 0xFF323334,
  0xFF333435, 0xFF313234, 0xFF313133, 0xFF333335, 0xFF323234, 0xFF323334, 0xFF323335, 0xFF303132,
  0xFF313133, 0xFF313133, 0xFF2F3031, 0xFF2F2F31, 0xFF313133, 0xFF333335, 0xFF303032, 0xFF2D2E30,
  0xFF2D2E30, 0xFF2C2D2F, 0xFF2B2C2E, 0xFF2D2D2F, 0xFE2D2D2F, 0xFF2D2D2F, 0xFF2D2D2F, 0xFF2C2C2E,
  0xFF2A2B2D, 0xFF2B2C2E, 0xFF2A2A2C, 0xFF29292B, 0xFF292A2C, 0xFF28292B, 0xFF292A2C, 0xFF2A2A2D,
  0xFF28282A, 0xFF28282A, 0xFE29292C, 0xFE28292B, 0xFE28282A, 0xFF272729, 0xFE28282A, 0xFE272729,
  0xFF262728, 0xFF252628, 0xFF242426, 0xFE262628, 0xFF262628, 0xFF252527, 0xFF232425, 0xFF242426,
  0xFE232425, 0xFE222224, 0xFE232325, 0xFE232325, 0xFE222224, 0xFE222223, 0xFF1E1F20, 0xFF1E1F21,
  0xFF1F1F21, 0xFF1F1F21, 0xFF1F1F21, 0xFF1D1D1F, 0xFF1E1E20, 0xFF1E1E20, 0xFF1F1E21, 0xFF1F1E20,
  0xFF1D1D1F, 0xFF1D1D1F, 0xFE1D1D1E, 0xFE1D1D1F, 0xFF1C1C1E, 0xFF1B1B1D, 0xFF1B1B1D, 0xFF1C1B1D,
  0xFF1B1A1C, 0xFF1B1A1C, 0xFF1C1B1D, 0xFF1A191B, 0xFE1A1A1B, 0xFF191A1B, 0xFF19191B, 0xFF18181A,
  0xFF19191A, 0xFF181819, 0xFF171718, 0xFF171818, 0xFF171719, 0xFF171619, 0xFF161618, 0xFF161617,
  0xFF151517, 0xFF161517, 0xFF151416, 0xFF141415, 0xFF141415, 0xFF131314, 0xFE131314, 0xFF121314,
  0xFF121213, 0xFF121213, 0xFF121213, 0xFF111112, 0xFF111111, 0xFF101011, 0xFF0F0F10, 0xFF0E0E0F,
  0xFF0E0E0F, 0xFE0C0C0D, 0xFF0A0A0B, 0xFF080809, 0xFE070707, 0xFE050505, 0xFF020203, 0xFE000000,
  0xFF000000, 0xFE848993, 0xFE030404, 0xFE53545A, 0xFE989CAB, 0xFE1D1D1D, 0xFE59595E, 0xFF262729,
  0xFF000000, 0xFF040404, 0xFE1F1F21, 0xFE393A3D, 0xFE2A292B, 0xFF060606, 0xFE0C0B0B, 0xFE050505,
  0xFD020201, 0xFE090909, 0xFF080807, 0xFE373638, 0xFE4F4E51, 0xFD4E4E52, 0xFF000000, 0xFF050505,
  0xFF27282A, 0xFE58595E, 0xFF212122, 0xFE9B9FAC, 0xFF38393E, 0xFF131213, 0xFD82858F, 0xFE000000,
  0xFE030303, 0xFE060506, 0xFF090909, 0xFE0B0B0C, 0xFF0D0D0D, 0xFF0E0E0F, 0xFF100F10, 0xFF111112,
  0xFE111212, 0xFF111112, 0xFF131214, 0xFE141314, 0xFF141515, 0xFF151516, 0xFF151516, 0xFF151516,
  0xFF161617, 0xFF171718, 0xFF181719, 0xFF181719, 0xFF181719, 0xFF18181A, 0xFE1A191A, 0xFE1B1A1C,
  0xFF1A191B, 0xFE1A1A1C, 0xFD1C1C1D, 0xFF1B1B1D, 0xFF1C1C1D, 0xFF1B1B1C, 0xFF1C1B1D, 0xFF1E1D1F,
  0xFF1E1E20, 0xFF1D1D1E, 0xFF1D1C1E, 0xFF1F1E20, 0xFF201F20, 0xFF202022, 0xFF1F1E20, 0xFF1E1E20,
  0xFE212022, 0xFF202021, 0xFF202021, 0xFF1F1F21, 0xFE212224, 0xFE212123, 0xFF222224, 0xFF222325,
  0xFF232325, 0xFE242426, 0xFE242425, 0xFE232325, 0xFF222225, 0xFF252527, 0xFE252527, 0xFE242426,
  0xFF262728, 0xFF242426, 0xFE272729, 0xFE29292B, 0xFE282829, 0xFE28282A, 0xFE272729, 0xFD272729,
  0xFE272729, 0xFF272729, 0xFF262628, 0xFE272829, 0xFE28282A, 0xFF272729, 0xFF28282A, 0xFF29292B,
  0xFE2A2A2C, 0xFE2A2A2C, 0xFF29292B, 0xFF28292B, 0xFE2B2B2C, 0xFF2C2C2E, 0xFF2B2C2D, 0xFF2C2C2E,
  0xFE2C2D2F, 0xFE2C2C2E, 0xFF2E2E30, 0xFF2E2F30, 0xFF2D2D30, 0xFF2F2F31, 0xFF2E2F30, 0xFF303032,
  0xFE302F31, 0xFF2E2E31, 0xFF2F2F31, 0xFE2D2D2F, 0xFE2D2E30, 0xFF2F3031, 0xFF2E2E30, 0xFE2C2C2F,
  0xFF2E2F31, 0xFF2F3032, 0xFE303133, 0xFF303032, 0xFF303132, 0xFF313234, 0xFF313133, 0xFF323234,
  0xFF303133, 0xFF313133, 0xFF2F3032, 0xFF313133, 0xFF323234, 0xFF303033, 0xFF303033, 0xFF313233,
  0xFF333334, 0xFF313133, 0xFF303133, 0xFF343436, 0xFF323234, 0xFF303032, 0xFF313133, 0xFF2F3032,
  0xFF313234, 0xFF313133, 0xFF303032, 0xFF2F3032, 0xFF2D2E30, 0xFE303032, 0xFF2F3031, 0xFF2C2D2F,
  0xFF2D2D30, 0xFF2E2E30, 0xFE2D2D2F, 0xFF2B2C2E, 0xFE2D2C2F, 0xFE2E2E30, 0xFE2B2C2E, 0xFF2C2D2E,
  0xFF2B2B2D, 0xFE2A2B2D, 0xFF2B2B2C, 0xFF2A2A2C, 0xFF28282A, 0xFE28292B, 0xFF28292B, 0xFF28282A,
  0xFF27282A, 0xFF28282A, 0xFE28292B, 0xFF272829, 0xFE272729, 0xFF28282A, 0xFE272729, 0xFD262729,
  0xFF262628, 0xFE252627, 0xFE262628, 0xFE262627, 0xFF252527, 0xFF242426, 0xFE242426, 0xFE242426,
  0xFE232326, 0xFE222324, 0xFE222224, 0xFE222325, 0xFE222325, 0xFE212223, 0xFF1E1F20, 0xFF1F1F22,
  0xFE202022, 0xFF1F1F21, 0xFF1E1E20, 0xFF1E1E1F, 0xFF1E1E1F, 0xFF1E1F20, 0xFF1D1D1F, 0xFF1D1D1F,
  0xFF1D1D1E, 0xFF1C1C1E, 0xFF1C1C1E, 0xFF1D1D1F, 0xFF1B1B1D, 0xFF1B1B1D, 0xFF1B1B1D, 0xFF1B1B1C,
  0xFF191A1B, 0xFF19191A, 0xFF1A1A1C, 0xFE1A1A1B, 0xFE19191B, 0xFF19191B, 0xFF19191A, 0xFE181819,
  0xFF181819, 0xFF18181A, 0xFF161618, 0xFF161618, 0xFF161618, 0xFF151517, 0xFF151516, 0xFF141416,
  0xFF141416, 0xFF151517, 0xFF141516, 0xFF141415, 0xFF141315, 0xFF121314, 0xFE131314, 0xFF121213,
  0xFF121213, 0xFF121213, 0xFF111213, 0xFF111112, 0xFF111011, 0xFF101011, 0xFF0F0F11, 0xFF0E0E0F,
  0xFF0D0D0E, 0xFE0D0D0D, 0xFF0A0A0A, 0xFF080809, 0xFE070708, 0xFE050506, 0xFE020303, 0xFE000000,
  0xFE010001, 0xFE868A95, 0xFE040505, 0xFE52535A, 0xFE979CAA, 0xFE1B1B1B, 0xFE55565A, 0xFF252628,
  0xFF020202, 0xFE000000, 0xFE48494C, 0xFE555557, 0xFE3B3A3B, 0xFF0D0D0D, 0xFE0A0A0A, 0xFD050505,
  0xFC010101, 0xFE090808, 0xFF090809, 0xFE343334, 0xFE4C4C4D, 0xFE525155, 0xFF000000, 0xFF060505,
  0xFF28282A, 0xFE57585C, 0xFE202021, 0xFE9A9FAC, 0xFE393A3F, 0xFE131212, 0xFD82868F, 0xFE000000,
  0xFF030203, 0xFE060506, 0xFF080809, 0xFE0B0B0B, 0xFF0D0D0E, 0xFF0E0E0F, 0xFF100F10, 0xFE111011,
  0xFE111112, 0xFF111112, 0xFE131213, 0xFF141314, 0xFF141415, 0xFF151416, 0xFF151415, 0xFE151416,
  0xFF151516, 0xFF161617, 0xFF161618, 0xFF171618, 0xFF181819, 0xFF181819, 0xFE19191A, 0xFE19181A,
  0xFF19181A, 0xFF1A1A1C, 0xFE1B1B1C, 0xFF1B1A1C, 0xFF1C1B1D, 0xFF1B1B1C, 0xFF1A1A1C, 0xFF1C1C1D,
  0xFE1D1D1E, 0xFF1B1C1D, 0xFF1C1B1E, 0xFF1E1E1F, 0xFE1F1E20, 0xFF1F1F21, 0xFF1E1E1F, 0xFF1E1E20,
  0xFE1F1F21, 0xFF1F1F20, 0xFF1F1F21, 0xFF1F1F21, 0xFE202122, 0xFF212123, 0xFF212123, 0xFF212124,
  0xFF222224, 0xFF222224, 0xFF242425, 0xFE232325, 0xFF242325, 0xFF232324, 0xFE242426, 0xFF232325,
  0xFF222324, 0xFF242526, 0xFE242526, 0xFE252527, 0xFE262627, 0xFE252527, 0xFE262628, 0xFD272729,
  0xFE262628, 0xFF262628, 0xFF262627, 0xFE262628, 0xFE262628, 0xFF272729, 0xFF272729, 0xFF272729,
  0xFE29282A, 0xFE2A292B, 0xFF2A2B2D, 0xFF28282A, 0xFF2A292C, 0xFE2A2A2C, 0xFF2A2A2D, 0xFF2B2B2D,
  0xFF2B2B2D, 0xFF2B2B2D, 0xFE2B2C2D, 0xFF2B2B2C, 0xFF2B2C2E, 0xFF2E2E2F, 0xFF2E2E30, 0xFF2D2E2F,
  0xFF2D2D2F, 0xFF2F2F31, 0xFF2F2E31, 0xFF2D2D2F, 0xFF2C2C2E, 0xFF2D2D2F, 0xFF2E2E30, 0xFE2C2C2F,
  0xFE2C2C2E, 0xFF2E2F30, 0xFE2F2F31, 0xFF2E2E30, 0xFF2F2F30, 0xFF2F2F31, 0xFF2F2F31, 0xFF303032,
  0xFF2E2E30, 0xFF2F2F31, 0xFF2E2E30, 0xFF303031, 0xFF333335, 0xFF303032, 0xFF302F32, 0xFF313133,
  0xFF303032, 0xFE2F3032, 0xFF2F3031, 0xFF313133, 0xFF313133, 0xFF2D2E2F, 0xFF303032, 0xFF303032,
  0xFF2F2F31, 0xFF2F2F31, 0xFF2F3032, 0xFE2E2F30, 0xFF2D2E30, 0xFE2F2F30, 0xFF2E2E30, 0xFF2B2C2E,
  0xFF2C2C2E, 0xFF2C2D2E, 0xFF2B2C2E, 0xFF292A2C, 0xFE2C2C2F, 0xFE2C2D2F, 0xFE2B2B2D, 0xFF292A2C,
  0xFF29292B, 0xFF292A2C, 0xFF2B2B2C, 0xFF29282A, 0xFE28282A, 0xFE272829, 0xFF28292A, 0xFF27282A,
  0xFF27282A, 0xFE262728, 0xFE272729, 0xFE272729, 0xFE252527, 0xFF262628, 0xFE262728, 0xFE262628,
  0xFF252527, 0xFE242426, 0xFE242526, 0xFE252527, 0xFF232325, 0xFF232325, 0xFF242426, 0xFF242325,
  0xFE222224, 0xFE232325, 0xFF222224, 0xFE212123, 0xFE212123, 0xFE202122, 0xFF1F1E21, 0xFF1F1F21,
  0xFE1F1F21, 0xFE1E1E20, 0xFF1D1D1F, 0xFF1D1D1E, 0xFF1D1D1F, 0xFF1D1D1E, 0xFF1B1B1D, 0xFF1D1D1E,
  0xFF1C1C1D, 0xFF1B1B1D, 0xFE1B1B1D, 0xFF1C1B1D, 0xFF1A1A1C, 0xFF1B1B1D, 0xFF1A1A1C, 0xFF1B1A1C,
  0xFF1A1A1C, 0xFF19191A, 0xFF19191A, 0xFF19191B, 0xFE19191A, 0xFF18181A, 0xFF18181A, 0xFE181719,
  0xFF171719, 0xFF161718, 0xFF151617, 0xFF161517, 0xFE161617, 0xFF151516, 0xFF141415, 0xFF141416,
  0xFF141416, 0xFF151516, 0xFF141415, 0xFF141415, 0xFF131314, 0xFF121213, 0xFE121213, 0xFE121213,
  0xFF121213, 0xFF111112, 0xFF101112, 0xFF111112, 0xFF101011, 0xFF0F0F10, 0xFF0E0E0F, 0xFF0E0E0F,
  0xFE0D0C0E, 0xFF0C0C0D, 0xFF0A0A0B, 0xFF080708, 0xFE060707, 0xFE040505, 0xFE020203, 0xFE000000,
  0xFE000000, 0xFE848893, 0xFE040405, 0xFE505358, 0xFE969BA9, 0xFE1A1A1A, 0xFE525356, 0xFF262729,
  0xFF010101, 0xFF000000, 0xFE4C4D51, 0xFE525253, 0xFF333233, 0xFF0C0B0C, 0xFE090909, 0xFD050404,
  0xFC010101, 0xFE090809, 0xFF0A0909, 0xFE323131, 0xFE4A494B, 0xFE515154, 0xFF000000, 0xFF050505,
  0xFF282829, 0xFF555559, 0xFF1C1C1D, 0xFF979BA9, 0xFF393A40, 0xFE131212, 0xFD80858E, 0xFE000000,
  0xFE030303, 0xFE050506, 0xFF080708, 0xFE0A0A0B, 0xFF0C0C0D, 0xFF0E0E0F, 0xFF100F10, 0xFF100F10,
  0xFE101011, 0xFF111112, 0xFF121213, 0xFE121213, 0xFF141315, 0xFF141315, 0xFF141415, 0xFF141415,
  0xFF151517, 0xFF151517, 0xFF151517, 0xFF151616, 0xFF161618, 0xFF171718, 0xFF171718, 0xFF191819,
  0xFF191819, 0xFF19191B, 0xFE1A1A1B, 0xFF19191A, 0xFF1A1A1B, 0xFF1A191B, 0xFF1A1A1C, 0xFF1B1B1C,
  0xFF1C1C1D, 0xFF1C1C1D, 0xFF1B1B1C, 0xFF1C1C1D, 0xFE1C1C1E, 0xFF1F1F20, 0xFF1F1F20, 0xFF1E1E1F,
  0xFE202021, 0xFF201F22, 0xFF1F1F20, 0xFF1D1D1F, 0xFF1F1F21, 0xFF212122, 0xFF212123, 0xFF212022,
  0xFF212123, 0xFF212123, 0xFE212123, 0xFF222223, 0xFF222224, 0xFF232224, 0xFE222324, 0xFF242325,
  0xFF242426, 0xFF232426, 0xFE252527, 0xFF252526, 0xFF242425, 0xFF232325, 0xFE242426, 0xFD252627,
  0xFE272628, 0xFF252526, 0xFF262627, 0xFE252527, 0xFE262627, 0xFF262527, 0xFF262627, 0xFF282729,
  0xFE282829, 0xFE272829, 0xFF29292B, 0xFF292A2B, 0xFF2A292B, 0xFE2A2A2C, 0xFF29292A, 0xFF28282A,
  0xFF2A2A2C, 0xFF2A2B2C, 0xFE2A2A2C, 0xFF2B2B2C, 0xFF2A2A2C, 0xFF2E2E30, 0xFF2B2B2D, 0xFF2C2C2D,
  0xFF2C2C2E, 0xFF2E2E30, 0xFF2D2E2F, 0xFF2B2B2D, 0xFF2C2C2E, 0xFF2C2C2E, 0xFF2D2D2F, 0xFE2D2D2F,
  0xFF2C2D2E, 0xFF2D2E2F, 0xFE2F2F31, 0xFE2F2F31, 0xFF2E2E2F, 0xFF2F2F31, 0xFF303031, 0xFF303031,
  0xFF2E2E30, 0xFF2E2E30, 0xFF2F2F31, 0xFF2E2E30, 0xFF303032, 0xFF313133, 0xFF303032, 0xFF303032,
  0xFF313133, 0xFF313133, 0xFF303032, 0xFF2F2F30, 0xFF313132, 0xFF303132, 0xFF2C2D2F, 0xFF2E2E2F,
  0xFF2F3031, 0xFF303032, 0xFF2E2E2F, 0xFF2D2E2F, 0xFF2E2E30, 0xFE2D2D2F, 0xFF2C2C2E, 0xFF2C2D2E,
  0xFF2B2C2D, 0xFF2B2C2D, 0xFF2B2B2D, 0xFF2B2B2C, 0xFE2A2A2C, 0xFF2B2B2E, 0xFF29292B, 0xFF28282A,
  0xFF282829, 0xFF28292B, 0xFF28292A, 0xFF272729, 0xFF28282A, 0xFE272729, 0xFF28282A, 0xFF272729,
  0xFF262628, 0xFF262628, 0xFE272729, 0xFE262627, 0xFE262627, 0xFF262627, 0xFE262627, 0xFE262628,
  0xFF242426, 0xFE242426, 0xFE242426, 0xFE232324, 0xFF232224, 0xFF212122, 0xFF222224, 0xFF222223,
  0xFE212123, 0xFE1F2021, 0xFF1F2021, 0xFE202022, 0xFE212122, 0xFE202122, 0xFF1D1D1F, 0xFF1E1E1F,
  0xFE1F1E20, 0xFE1E1E1F, 0xFF1E1E1F, 0xFF1C1C1E, 0xFF1D1D1E, 0xFF1D1E1F, 0xFF1B1B1D, 0xFF1D1C1E,
  0xFF1C1C1D, 0xFF1B1B1C, 0xFE1B1B1D, 0xFF1B1B1C, 0xFF19191B, 0xFF1B1B1D, 0xFF1B1B1D, 0xFF191819,
  0xFF18181A, 0xFF18181A, 0xFF18181A, 0xFF181819, 0xFF19191A, 0xFF171818, 0xFF171719, 0xFE181719,
  0xFF171719, 0xFF161618, 0xFF151517, 0xFE161517, 0xFE151516, 0xFF141416, 0xFF151516, 0xFF141415,
  0xFF141315, 0xFF141315, 0xFF141415, 0xFF131314, 0xFF121213, 0xFF111213, 0xFE121213, 0xFF121213,
  0xFF111012, 0xFF111012, 0xFF111112, 0xFF101112, 0xFF0F0F10, 0xFF0E0E0F, 0xFF0D0D0E, 0xFF0D0D0E,
  0xFF0C0C0D, 0xFF0B0B0C, 0xFF09090A, 0xFF070707, 0xFE060607, 0xFE040405, 0xFE030303, 0xFE000000,
  0xFE000000, 0xFE858994, 0xFE050506, 0xFE4E5056, 0xFF9499A6, 0xFE181819, 0xFE4F4F53, 0xFF252627,
  0xFF020102, 0xFF000000, 0xFE505054, 0xFE515152, 0xFE303030, 0xFF0C0B0C, 0xFE0A0A09, 0xFE050505,
  0xFD010101, 0xFE080808, 0xFF0A0A0A, 0xFE313131, 0xFE484749, 0xFE515054, 0xFF000000, 0xFF050505,
  0xFF29292B, 0xFF515256, 0xFF181819, 0xFE9295A4, 0xFF38393F, 0xFE131313, 0xFE7F838D, 0xFE000000,
  0xFE030202, 0xFF050405, 0xFF070607, 0xFE090809, 0xFF0B0B0C, 0xFF0C0C0D, 0xFF0E0E0E, 0xFF0F0E0F,
  0xFF0F0F10, 0xFF0F0F10, 0xFE111112, 0xFF121213, 0xFF121213, 0xFF121213, 0xFF121213, 0xFF131314,
  0xFF131213, 0xFF141314, 0xFF141415, 0xFF141415, 0xFF141415, 0xFF161617, 0xFF161517, 0xFF161517,
  0xFF181718, 0xFF171718, 0xFE19181A, 0xFF181819, 0xFF181819, 0xFF171719, 0xFF18181A, 0xFF19181A,
  0xFF19191A, 0xFF1B1B1B, 0xFF1A1A1B, 0xFF1B1A1C, 0xFF1C1C1D, 0xFF1C1C1D, 0xFF1C1B1D, 0xFF1D1C1E,
  0xFE1E1D1E, 0xFF1D1D1E, 0xFF1D1D1E, 0xFF1D1D1E, 0xFF1D1D1E, 0xFF1E1E1F, 0xFF1D1E1F, 0xFF1F1F21,
  0xFF202021, 0xFF202021, 0xFE212022, 0xFE202021, 0xFF1F1F20, 0xFF202021, 0xFE222223, 0xFE212122,
  0xFF202021, 0xFF1F1F21, 0xFE222224, 0xFF212223, 0xFE222223, 0xFE222223, 0xFE232325, 0xFD222223,
  0xFE212123, 0xFF222223, 0xFF232324, 0xFE242425, 0xFE232325, 0xFF252526, 0xFF242425, 0xFF252526,
  0xFE252627, 0xFE272728, 0xFF262628, 0xFF272829, 0xFF272729, 0xFF29292B, 0xFF29292A, 0xFE28292B,
  0xFE2A2A2C, 0xFE2B2B2C, 0xFE28282A, 0xFF29292B, 0xFF2B2B2D, 0xFF2B2B2D, 0xFF2B2B2C, 0xFF2B2B2C,
  0xFF2C2C2D, 0xFF2B2B2D, 0xFF2B2C2D, 0xFF29292B, 0xFF2A2A2D, 0xFF2B2C2D, 0xFF2B2B2D, 0xFE29292B,
  0xFE2A2A2C, 0xFF2E2E30, 0xFE2F2E30, 0xFF2E2D2F, 0xFF2C2C2E, 0xFF2C2C2E, 0xFF2C2C2D, 0xFF2D2D2E,
  0xFF2D2C2F, 0xFF2D2D2F, 0xFF2E2E2F, 0xFF303032, 0xFF313133, 0xFF2C2D2E, 0xFF303032, 0xFF2E2E30,
  0xFF2D2D2F, 0xFF2D2C2E, 0xFF2E2E30, 0xFF2F2F31, 0xFF2E2E2F, 0xFF2F2F31, 0xFF2D2D2F, 0xFF2E2E30,
  0xFF303031, 0xFF2D2D2F, 0xFF2C2C2E, 0xFF2A2B2D, 0xFF2A2A2C, 0xFF2C2C2E, 0xFF292A2B, 0xFF28282A,
  0xFF2A2A2C, 0xFF2C2C2D, 0xFF29292B, 0xFF29292A, 0xFF28292B, 0xFF28292B, 0xFE29292B, 0xFF28282A,
  0xFF272729, 0xFF252527, 0xFF272729, 0xFF262628, 0xFF252426, 0xFE242526, 0xFF262628, 0xFF262628,
  0xFF262527, 0xFF242426, 0xFE242426, 0xFE242425, 0xFF232325, 0xFF222223, 0xFF222224, 0xFE232325,
  0xFF232224, 0xFF212123, 0xFE222224, 0xFE222223, 0xFF202022, 0xFF202022, 0xFF202022, 0xFF212122,
  0xFE202022, 0xFE1F1F21, 0xFE1E1E20, 0xFE1F2021, 0xFE1F1F21, 0xFE1F1F20, 0xFF1C1D1E, 0xFF1C1D1E,
  0xFE1D1D1F, 0xFF1D1D1F, 0xFF1C1C1D, 0xFF1A1A1C, 0xFF1A1A1C, 0xFF1C1C1E, 0xFF1C1C1D, 0xFF1A1B1C,
  0xFF1C1C1D, 0xFF19191B, 0xFE1A1A1B, 0xFF19191B, 0xFF181819, 0xFF181719, 0xFF19181A, 0xFF191819,
  0xFF171718, 0xFF161517, 0xFF171718, 0xFE161617, 0xFF161617, 0xFF171718, 0xFF161617, 0xFE171618,
  0xFF161617, 0xFF161517, 0xFF141415, 0xFF151416, 0xFF141415, 0xFF131315, 0xFF121314, 0xFF121213,
  0xFF121213, 0xFF121214, 0xFF131314, 0xFE121213, 0xFF121213, 0xFF101011, 0xFE101112, 0xFE111112,
  0xFF101011, 0xFF0F0F10, 0xFF0F0F10, 0xFF0F0F10, 0xFF0E0E0F, 0xFF0E0D0E, 0xFF0C0C0E, 0xFF0B0B0C,
  0xFF0B0B0B, 0xFE0A0A0B, 0xFF080809, 0xFF060606, 0xFE050606, 0xFE040404, 0xFE020202, 0xFE000000,
  0xFE000001, 0xFE858A95, 0xFE060607, 0xFE4B4D54, 0xFF9295A2, 0xFE19191A, 0xFE4C4D51, 0xFF242526,
  0xFF020202, 0xFF000000, 0xFE515155, 0xFE504F51, 0xFF302F2F, 0xFF0C0C0C, 0xFE0B0B0B, 0xFE060606,
  0xFD010101, 0xFE070707, 0xFE0A0A0A, 0xFE313132, 0xFE484849, 0xFE505052, 0xFF000000, 0xFF050506,
  0xFF272628, 0xFE47484C, 0xFF141415, 0xFE8A8D99, 0xFF36373D, 0xFE121213, 0xFE7F838D, 0xFE000000,
  0xFF020202, 0xFE030303, 0xFE050505, 0xFE070707, 0xFF09090A, 0xFF0A0A0B, 0xFF0B0B0B, 0xFF0D0C0D,
  0xFE0D0D0D, 0xFF0C0C0D, 0xFE0E0E0F, 0xFE0E0E0F, 0xFF0E0E0F, 0xFF0E0E0F, 0xFF0E0E10, 0xFE0F0F10,
  0xFF100F10, 0xFF0F0F10, 0xFF100F11, 0xFF111113, 0xFF101111, 0xFF111112, 0xFF131313, 0xFF121213,
  0xFF131213, 0xFF141415, 0xFE151415, 0xFF141415, 0xFF141415, 0xFF151416, 0xFF141516, 0xFF151516,
  0xFE161617, 0xFF161616, 0xFF161617, 0xFF161617, 0xFF181819, 0xFE19181A, 0xFF181719, 0xFF19191A,
  0xFE19191A, 0xFF191A1A, 0xFF1A191A, 0xFF19191A, 0xFE1A1A1B, 0xFE1A1B1C, 0xFF1B1B1D, 0xFF1B1B1D,
  0xFF1C1C1E, 0xFE1B1B1D, 0xFE1C1C1E, 0xFE1C1C1E, 0xFF1B1B1C, 0xFF1B1B1C, 0xFE1B1B1C, 0xFF1B1C1C,
  0xFF1C1C1D, 0xFF1B1C1D, 0xFE1C1D1D, 0xFF1E1D1F, 0xFE1D1D1E, 0xFF1C1D1E, 0xFE1D1D1E, 0xFD1E1E1F,
  0xFE1D1D1E, 0xFF1E1E1F, 0xFF1E1E20, 0xFE1E1F20, 0xFE1F2021, 0xFF222122, 0xFF212122, 0xFF212022,
  0xFE212122, 0xFE222123, 0xFF232324, 0xFE212122, 0xFE222123, 0xFE212223, 0xFF222324, 0xFF242426,
  0xFE242426, 0xFF232325, 0xFE242426, 0xFF242425, 0xFF272729, 0xFE252627, 0xFF242527, 0xFF252527,
  0xFF29292A, 0xFF28282A, 0xFF28282A, 0xFF262728, 0xFF252628, 0xFF262627, 0xFF262627, 0xFF262628,
  0xFF262628, 0xFF292A2B, 0xFE2A2A2B, 0xFE2A2A2C, 0xFF272729, 0xFF282829, 0xFF2A292B, 0xFF2C2C2D,
  0xFF282829, 0xFF28282A, 0xFF282829, 0xFF29292A, 0xFF2A2A2C, 0xFF282829, 0xFF29292A, 0xFF29292B,
  0xFF29292A, 0xFF28282A, 0xFF262628, 0xFF29292A, 0xFF28292A, 0xFF282829, 0xFF28282A, 0xFE262628,
  0xFF262728, 0xFF272829, 0xFF262627, 0xFF252527, 0xFF262627, 0xFE252627, 0xFF252426, 0xFF252527,
  0xFF222223, 0xFF232325, 0xFF242426, 0xFF232324, 0xFE232425, 0xFE242426, 0xFE242426, 0xFF242425,
  0xFF222324, 0xFF212123, 0xFF212123, 0xFF222224, 0xFF212123, 0xFE202122, 0xFF212223, 0xFF222224,
  0xFF202122, 0xFF202122, 0xFE212122, 0xFE1F2021, 0xFE1D1E1F, 0xFF1E1E20, 0xFE1E1E20, 0xFE1F1F20,
  0xFF1E1E1F, 0xFF1D1C1E, 0xFE1D1D1E, 0xFE1E1D1E, 0xFF1D1D1E, 0xFF1C1C1D, 0xFF1C1D1E, 0xFF1D1D1E,
  0xFE1C1D1E, 0xFE1C1C1D, 0xFF1B1C1D, 0xFE1B1B1D, 0xFE1C1C1E, 0xFE1A1B1C, 0xFF18191A, 0xFF19191B,
  0xFE191A1B, 0xFF181819, 0xFF181819, 0xFF171819, 0xFF181819, 0xFF181819, 0xFF161718, 0xFF181819,
  0xFF171717, 0xFF151617, 0xFE161617, 0xFF161617, 0xFF151516, 0xFF151516, 0xFE151516, 0xFF141415,
  0xFF141415, 0xFF141415, 0xFF141414, 0xFE141415, 0xFE131314, 0xFF131314, 0xFF131314, 0xFE121213,
  0xFF131314, 0xFF121213, 0xFF111113, 0xFF121113, 0xFE111112, 0xFF101011, 0xFF101011, 0xFF100F10,
  0xFF0F0F10, 0xFF0F0F10, 0xFF0E0E0F, 0xFF0E0F0F, 0xFF0E0E0F, 0xFF0D0D0E, 0xFE0D0D0E, 0xFE0C0D0E,
  0xFF0D0D0E, 0xFF0D0C0D, 0xFF0B0C0C, 0xFE0B0B0C, 0xFF0B0B0C, 0xFF0B0A0B, 0xFF0A090B, 0xFF09090A,
  0xFE080709, 0xFE070708, 0xFF050506, 0xFF030304, 0xFE030404, 0xFE020203, 0xFE010101, 0xFE000000,
  0xFE000101, 0xFE858893, 0xFE070707, 0xFE44464D, 0xFE898C99, 0xFE151617, 0xFE444449, 0xFF252527,
  0xFF020202, 0xFF000000, 0xFE505054, 0xFE4E4E4F, 0xFE2F2F2F, 0xFF0C0C0C, 0xFE0B0B0B, 0xFD060606,
  0xFC010101, 0xFE070707, 0xFE0B0A0A, 0xFE313131, 0xFE464747, 0xFE4C4C4F, 0xFF000000, 0xFF070607,
  0xFF19181A, 0xFE333337, 0xFE0E0E0F, 0xFE83838F, 0xFF333338, 0xFE131314, 0xFD7C818A, 0xFE000000,
  0xFE040404, 0xFE030304, 0xFE050505, 0xFE050506, 0xFF060707, 0xFF070707, 0xFF090809, 0xFE09090A,
  0xFE09090A, 0xFF09080A, 0xFE0A0A0B, 0xFE0A0A0B, 0xFF0A0A0B, 0xFE0A0A0B, 0xFF0A0A0B, 0xFF0A0A0B,
  0xFF0A0A0B, 0xFF0A0A0C, 0xFF0B0B0C, 0xFF0B0C0D, 0xFF0B0B0C, 0xFF0B0B0C, 0xFF0D0C0D, 0xFF0E0E0F,
  0xFF0E0D0E, 0xFE0E0E0F, 0xFE0F0F0F, 0xFE0F0F10, 0xFF0F0F10, 0xFF0F0F10, 0xFF0F0F10, 0xFF0F1010,
  0xFF111111, 0xFF101010, 0xFF111011, 0xFF111112, 0xFE121212, 0xFE131314, 0xFF121213, 0xFE121313,
  0xFE131314, 0xFE141314, 0xFE131314, 0xFF121214, 0xFE131414, 0xFF141414, 0xFF161617, 0xFF151516,
  0xFE151415, 0xFE141415, 0xFE161516, 0xFE161516, 0xFF151515, 0xFF151516, 0xFE161516, 0xFE161616,
  0xFF161617, 0xFF161616, 0xFE171717, 0xFE181818, 0xFF171718, 0xFE171717, 0xFE171717, 0xFD171718,
  0xFE171718, 0xFE171717, 0xFE171818, 0xFE181818, 0xFE191919, 0xFE181718, 0xFF181819, 0xFE1A191A,
  0xFE1B1A1B, 0xFE1B1B1B, 0xFF1B1A1B, 0xFF1B1B1B, 0xFE1B1B1B, 0xFE1C1B1C, 0xFF1B1C1C, 0xFE1E1D1E,
  0xFF1D1D1D, 0xFE1D1E1E, 0xFE1D1E1E, 0xFF1E1E1F, 0xFF1F1F1F, 0xFE1F1E1E, 0xFF1F1E1F, 0xFF1F1F1F,
  0xFE1F1E1F, 0xFF1F1F20, 0xFF202020, 0xFE201F20, 0xFF1F1F1F, 0xFF202020, 0xFF201F20, 0xFE1E1E1F,
  0xFF1F1F20, 0xFF202021, 0xFE222222, 0xFE212121, 0xFF212021, 0xFF202020, 0xFF212121, 0xFF242424,
  0xFF212021, 0xFF212021, 0xFF212121, 0xFF222221, 0xFF222222, 0xFF202021, 0xFF212121, 0xFF222222,
  0xFF212121, 0xFF202021, 0xFF1F1F20, 0xFF212121, 0xFE222222, 0xFF222222, 0xFF202121, 0xFE202020,
  0xFE201F20, 0xFF212222, 0xFF202020, 0xFF202020, 0xFF1F1F20, 0xFF201F20, 0xFF201F1F, 0xFF1E1E1F,
  0xFF1E1E1E, 0xFE1D1D1E, 0xFF1D1D1D, 0xFE1C1C1C, 0xFE1B1B1C, 0xFF1C1C1D, 0xFE1E1E1F, 0xFF1D1D1D,
  0xFE1C1C1D, 0xFE1A1A1A, 0xFF1A1B1B, 0xFF19191A, 0xFE1A1A1A, 0xFE19191A, 0xFE1B1B1B, 0xFF1B1B1B,
  0xFF191919, 0xFF181818, 0xFE191819, 0xFE171717, 0xFE161616, 0xFF171617, 0xFE181818, 0xFE181919,
  0xFF171717, 0xFE171617, 0xFE171717, 0xFE181818, 0xFF171717, 0xFF171617, 0xFF171617, 0xFE171617,
  0xFE161616, 0xFE161616, 0xFF161617, 0xFE151616, 0xFE161616, 0xFE161616, 0xFF141414, 0xFF141415,
  0xFE141414, 0xFF131213, 0xFF121213, 0xFF121212, 0xFF121112, 0xFF121112, 0xFF111112, 0xFF121212,
  0xFF111111, 0xFF101011, 0xFE100F10, 0xFE101011, 0xFF100F10, 0xFF0F1010, 0xFF0F1010, 0xFF100F10,
  0xFF0E0E0F, 0xFF0D0D0E, 0xFF0E0E0E, 0xFF0E0E0E, 0xFE0E0E0E, 0xFF0E0E0F, 0xFF0E0E0F, 0xFE0E0D0E,
  0xFE0E0E0E, 0xFF0D0D0E, 0xFF0C0C0D, 0xFF0C0C0C, 0xFE0C0C0D, 0xFF0B0C0C, 0xFF0B0B0C, 0xFE0B0B0C,
  0xFF0A0A0B, 0xFF0A0A0B, 0xFE0B0A0B, 0xFE0A0B0B, 0xFF090A0A, 0xFF080809, 0xFE09090A, 0xFE09090A,
  0xFF09090A, 0xFF090809, 0xFF080909, 0xFF070708, 0xFF070708, 0xFF070708, 0xFF060507, 0xFF040505,
  0xFF040405, 0xFE040405, 0xFF030303, 0xFF020203, 0xFE030304, 0xFE030203, 0xFF020203, 0xFE030303,
  0xFE000000, 0xFE858894, 0xFE080809, 0xFE424349, 0xFE878996, 0xFE121315, 0xFE3C3D42, 0xFF1E1E1F,
  0xFF040405, 0xFF000000, 0xFE4F4F54, 0xFE4F4F51, 0xFE2F3030, 0xFF0C0B0C, 0xFE0B0A0A, 0xFE050505,
  0xFC010101, 0xFE080707, 0xFE0B0B0B, 0xFE363536, 0xFE49494B, 0xFE4C4C4F, 0xFF000000, 0xFF050404,
  0xFF29292B, 0xFE3F4046, 0xFE08090A, 0xFE7F818C, 0xFE38393E, 0xFE0E0E10, 0xFD9297A2, 0xFE040404,
  0xFE000000, 0xFE000000, 0xFE000000, 0xFE000000, 0xFE000000, 0xFF000000, 0xFF000000, 0xFE000000,
  0xFE000000, 0xFF000000, 0xFE000000, 0xFE000000, 0xFE000000, 0xFF000000, 0xFE000000, 0xFF000000,
  0xFE000000, 0xFF000000, 0xFF000000, 0xFF000000, 0xFF000000, 0xFF000000, 0xFF000000, 0xFE000000,
  0xFF000000, 0xFE000000, 0xFE000000, 0xFE000000, 0xFE000000, 0xFF000000, 0xFF000000, 0xFE000000,
  0xFE000000, 0xFF000000, 0xFF000000, 0xFF000000, 0xFE000000, 0xFE000000, 0xFF000000, 0xFF000000,
  0xFE000000, 0xFE000000, 0xFE000000, 0xFF000000, 0xFE000000, 0xFF000000, 0xFF000000, 0xFF000000,
  0xFF000000, 0xFE000000, 0xFF000000, 0xFE000000, 0xFF000000, 0xFE000000, 0xFE000000, 0xFE000000,
  0xFF000000, 0xFF000000, 0xFE000000, 0xFE000000, 0xFE000000, 0xFE000000, 0xFE000000, 0xFD000000,
  0xFE000000, 0xFE000000, 0xFE000000, 0xFE000000, 0xFE000000, 0xFF000000, 0xFF000000, 0xFF000000,
  0xFE000000, 0xFE000000, 0xFE000000, 0xFF000000, 0xFE000001, 0xFE000001, 0xFF000000, 0xFF000101,
  0xFE010203, 0xFE010202, 0xFE020203, 0xFF020203, 0xFF020303, 0xFE020303, 0xFF000101, 0xFE010202,
  0xFF030303, 0xFF030303, 0xFF020303, 0xFE020202, 0xFE030303, 0xFF030403, 0xFF040403, 0xFE020303,
  0xFE030403, 0xFF040404, 0xFE050504, 0xFE050404, 0xFF030302, 0xFF060604, 0xFE060605, 0xFF070605,
  0xFF050503, 0xFF050504, 0xFF080806, 0xFF0A0907, 0xFF0B0A08, 0xFF080806, 0xFF0B0A08, 0xFF0C0C09,
  0xFF0C0B09, 0xFF090806, 0xFF060605, 0xFF0A0907, 0xFF0A0907, 0xFF080807, 0xFF060604, 0xFE070605,
  0xFE070705, 0xFF060605, 0xFF050605, 0xFE040404, 0xFF040504, 0xFE040404, 0xFE030403, 0xFF020303,
  0xFF020303, 0xFE030303, 0xFF020303, 0xFF020302, 0xFE000102, 0xFE000101, 0xFE010202, 0xFE010202,
  0xFF000101, 0xFE000101, 0xFE000101, 0xFF000102, 0xFE000001, 0xFE000000, 0xFE000000, 0xFF000101,
  0xFF000000, 0xFF000000, 0xFE000000, 0xFE000000, 0xFE000000, 0xFF000000, 0xFE000000, 0xFE000000,
  0xFF000000, 0xFE000000, 0xFE000000, 0xFE000000, 0xFF000000, 0xFF000000, 0xFE000000, 0xFE000000,
  0xFE000000, 0xFE000000, 0xFE000000, 0xFE000000, 0xFD000000, 0xFE000000, 0xFF000000, 0xFE000000,
  0xFE000000, 0xFE000000, 0xFF000000, 0xFF000000, 0xFE000000, 0xFF000000, 0xFF000000, 0xFF000000,
  0xFF000000, 0xFE000000, 0xFE000000, 0xFE000000, 0xFF000000, 0xFF000000, 0xFE000000, 0xFF000000,
  0xFF000000, 0xFF000000, 0xFF000000, 0xFE000000, 0xFE000000, 0xFF000000, 0xFF000000, 0xFE000000,
  0xFF000000, 0xFF000000, 0xFF000000, 0xFE000000, 0xFE000000, 0xFF000000, 0xFF000000, 0xFF000000,
  0xFF000000, 0xFF000000, 0xFE000000, 0xFE000000, 0xFF000000, 0xFE000000, 0xFE000000, 0xFE000000,
  0xFF000000, 0xFE000000, 0xFE000000, 0xFE000000, 0xFE000000, 0xFF000000, 0xFF000000, 0xFF000000,
  0xFE000000, 0xFE000000, 0xFF000000, 0xFF000000, 0xFE000000, 0xFE000000, 0xFE000000, 0xFE000000,
  0xFE0A0A0C, 0xFD9296A2, 0xFE060607, 0xFE484950, 0xFE8A8C98, 0xFE0E0F12, 0xFE4B4E55, 0xFF2B2C2F,
  0xFF020106, 0xFE000000, 0xFD4F4F55, 0xFE515153, 0xFE313132, 0xFF0C0B0C, 0xFE0B0A0A, 0xFD050505,
  0xFC020101, 0xFE090808, 0xFF0B0B0B, 0xFE3C3B3D, 0xFE505052, 0xFE4B4B4F, 0xFF000000, 0xFF020103,
  0xFF37383B, 0xFE50525C, 0xFF030409, 0xFE7A7C88, 0xFE6E707B, 0xFE000000, 0xFD4C4F55, 0xFE7B7F87,
  0xFE444548, 0xFE38383C, 0xFE353639, 0xFE343438, 0xFF333337, 0xFE323236, 0xFE323234, 0xFE333234,
  0xFE333335, 0xFF333336, 0xFE323134, 0xFE323133, 0xFE333235, 0xFE323033, 0xFE313032, 0xFE313031,
  0xFE312F31, 0xFE312F31, 0xFF302E30, 0xFF302E2F, 0xFF302E2F, 0xFF322F30, 0xFE312F30, 0xFE312E2F,
  0xFF333030, 0xFE332F30, 0xFD322F30, 0xFE322E2F, 0xFF322E2F, 0xFF312E2E, 0xFE333030, 0xFE343030,
  0xFE33302F, 0xFE332F2F, 0xFF34302F, 0xFF353130, 0xFE353130, 0xFE353030, 0xFF34302F, 0xFE363130,
  0xFD363231, 0xFE35312F, 0xFF35312F, 0xFE36312F, 0xFE373230, 0xFE373230, 0xFF373230, 0xFE37312F,
  0xFE37312F, 0xFE37322F, 0xFE383330, 0xFE39332F, 0xFF393330, 0xFE393330, 0xFD393330, 0xFE3A3430,
  0xFF3B3530, 0xFE3C3430, 0xFD3C3531, 0xFE3C3631, 0xFE3D3630, 0xFE3B3530, 0xFE3C3530, 0xFD3C3531,
  0xFE3C3531, 0xFE3C3530, 0xFE3B352F, 0xFE3C352F, 0xFD3C3630, 0xFE3D3530, 0xFE3C3530, 0xFE3D3630,
  0xFD3E3731, 0xFE3E3730, 0xFE3E3730, 0xFE3D362F, 0xFE3E3731, 0xFE3F3833, 0xFE3E3730, 0xFE3E3730,
  0xFE3F3830, 0xFE3F3931, 0xFE3F3831, 0xFF403931, 0xFE403831, 0xFE3F3831, 0xFF3F3832, 0xFE403831,
  0xFE403931, 0xFF403932, 0xFF413932, 0xFE403A32, 0xFE413A33, 0xFE413B32, 0xFE403A32, 0xFE403A32,
  0xFE413B33, 0xFE413B34, 0xFE413B33, 0xFE423C34, 0xFE413C35, 0xFE423C35, 0xFE453E36, 0xFE454038,
  0xFF453E38, 0xFF443E38, 0xFF443F37, 0xFE464038, 0xFE494238, 0xFF48413B, 0xFE4A433B, 0xFE4B443C,
  0xFE4C453D, 0xFE49423B, 0xFF46413A, 0xFE48423A, 0xFE484139, 0xFF48423A, 0xFF463F39, 0xFE453F38,
  0xFE463F37, 0xFE463F37, 0xFE453E37, 0xFE443D36, 0xFE433D35, 0xFE433C34, 0xFE433C34, 0xFE423C34,
  0xFE423B34, 0xFE423D34, 0xFE413B33, 0xFE423B33, 0xFE413A33, 0xFE413A33, 0xFE413A33, 0xFE403931,
  0xFE403932, 0xFE3F3932, 0xFE413A33, 0xFE413A33, 0xFE403931, 0xFE3F3932, 0xFE3F3832, 0xFE3F3731,
  0xFE3F3831, 0xFE3F3832, 0xFE3E3731, 0xFE3E3731, 0xFE3E3730, 0xFE3E3731, 0xFE3E3731, 0xFD3D3631,
  0xFE3D3630, 0xFE3D3731, 0xFD3D3731, 0xFE3D3731, 0xFE3D3631, 0xFE3C3530, 0xFE3D3530, 0xFE3D3630,
  0xFD3D3631, 0xFE3C3531, 0xFE3B342F, 0xFD3C3530, 0xFD3B3430, 0xFD3A3430, 0xFF3A332F, 0xFE39332F,
  0xFD39322F, 0xFE3A3430, 0xFF393330, 0xFF38322E, 0xFE39322E, 0xFE38322F, 0xFF393330, 0xFF36312E,
  0xFF37312E, 0xFE37312F, 0xFD36312F, 0xFE35302E, 0xFF35302E, 0xFE35302E, 0xFE342F2E, 0xFF342F2E,
  0xFF332F2D, 0xFF322E2D, 0xFF332E2D, 0xFE332F2E, 0xFE332F2E, 0xFE322E2D, 0xFE312D2D, 0xFE302C2C,
  0xFE302D2D, 0xFF302E2D, 0xFF302D2E, 0xFE302D2D, 0xFE302D2D, 0xFF312E2E, 0xFE2F2C2D, 0xFE2E2C2D,
  0xFF302D2E, 0xFE2F2D2E, 0xFE2F2D2E, 0xFE2F2D2E, 0xFE2E2D2E, 0xFE2E2C2E, 0xFE2F2E2F, 0xFE2F2E2F,
  0xFE2F2E30, 0xFE313032, 0xFE313032, 0xFE2F2E30, 0xFE302F32, 0xFF313033, 0xFF313134, 0xFF323236,
  0xFE343337, 0xFE323336, 0xFF333336, 0xFF333337, 0xFD353539, 0xFE35363A, 0xFE37393D, 0xFE45474A,
  0xFE7E818B, 0xFE474953, 0xFE000000, 0xFE747684, 0xFE8D91A0, 0xFE0A0B1C, 0xFE4B4E62, 0xFF2D2E3D,
  0xFF020216, 0xFF000008, 0xFE4E4F56, 0xFE555558, 0xFE333335, 0xFF0B0B0B, 0xFE0A0A0A, 0xFE050505,
  0xFC020202, 0xFE0A090A, 0xFE0B0A0A, 0xFE454447, 0xFE5E5E62, 0xFE4B4B51, 0xFF010101, 0xFF05050C,
  0xFE34343E, 0xFE797C90, 0xFF171A2E, 0xFE363847, 0xFEAAADBE, 0xFE656771, 0xFD232228, 0xFE2F2F34,
  0xFE3D3D43, 0xFE35363B, 0xFE34343A, 0xFE313237, 0xFE313138, 0xFE303035, 0xFF2F2E32, 0xFE2F2E31,
  0xFE2E2E31, 0xFF2E2E31, 0xFE2E2D31, 0xFE2D2D30, 0xFE2D2C30, 0xFE2C2B2E, 0xFF2B2A2D, 0xFE2B292C,
  0xFF29272A, 0xFF292729, 0xFF2B282A, 0xFF282527, 0xFF252324, 0xFF252223, 0xFF252223, 0xFF252323,
  0xFF252223, 0xFF252223, 0xFE252222, 0xFE252222, 0xFF252222, 0xFF242121, 0xFF252222, 0xFF252222,
  0xFF252121, 0xFF252121, 0xFF242120, 0xFF252120, 0xFF252120, 0xFF252120, 0xFF252120, 0xFF262221,
  0xFE272221, 0xFE252120, 0xFE262220, 0xFF272221, 0xFE272221, 0xFE272220, 0xFF282321, 0xFF282220,
  0xFF272220, 0xFF282321, 0xFE2A2421, 0xFE2A2421, 0xFF292321, 0xFF2A2321, 0xFE2A2321, 0xFE2A2421,
  0xFF2B2521, 0xFF2B2421, 0xFE2C2521, 0xFE2D2522, 0xFE2E2622, 0xFF2D2521, 0xFF2E2621, 0xFD2D2622,
  0xFE2E2621, 0xFF2F2621, 0xFE2E2621, 0xFE2F2621, 0xFE2F2721, 0xFE312722, 0xFE312722, 0xFF312822,
  0xFE322822, 0xFE322822, 0xFE322821, 0xFF322921, 0xFF332922, 0xFE332923, 0xFF342922, 0xFE362A22,
  0xFE382C22, 0xFF362B23, 0xFE372B22, 0xFF382C22, 0xFF392D22, 0xFE392D23, 0xFF392D24, 0xFF392D23,
  0xFE3A2D23, 0xFF3C2F24, 0xFF3C2F24, 0xFE3B2E23, 0xFE3E3124, 0xFF3F3124, 0xFF403225, 0xFE3F3124,
  0xFE403325, 0xFE433426, 0xFE483725, 0xFE493826, 0xFF473726, 0xFE493926, 0xFE4D3C27, 0xFE534128,
  0xFF544129, 0xFF564229, 0xFF5E482A, 0xFE644C2B, 0xFE69502C, 0xFF664E2C, 0xFF6C532E, 0xFE70562E,
  0xFE6E552D, 0xFE69522D, 0xFE654E2D, 0xFE66502E, 0xFE634E2C, 0xFF5E492A, 0xFF584429, 0xFE564329,
  0xFE564329, 0xFE524027, 0xFE4F3D27, 0xFE4D3B27, 0xFE4B3B27, 0xFE493A26, 0xFE463726, 0xFE433526,
  0xFE423425, 0xFE433626, 0xFE403325, 0xFE3D3024, 0xFE3E3125, 0xFE3D3125, 0xFE3D3024, 0xFE3A2E23,
  0xFF392E23, 0xFF382E23, 0xFF3A2E24, 0xFF392E24, 0xFE372D22, 0xFE362C22, 0xFF362B22, 0xFF352B23,
  0xFE352A22, 0xFF342A22, 0xFE342A22, 0xFE342922, 0xFE332922, 0xFF332922, 0xFE332A23, 0xFE332923,
  0xFF332922, 0xFF332922, 0xFE322923, 0xFE322924, 0xFF312923, 0xFF302722, 0xFF302822, 0xFE312822,
  0xFE2F2722, 0xFE2F2621, 0xFE2E2621, 0xFE2D2621, 0xFE2E2622, 0xFE2E2722, 0xFF2C2521, 0xFF2C2521,
  0xFE2C2421, 0xFE2C2522, 0xFF2B2422, 0xFF2A2421, 0xFF2B2421, 0xFF2A2421, 0xFF292421, 0xFF282320,
  0xFF282320, 0xFE292422, 0xFE282321, 0xFF282221, 0xFF262220, 0xFF262220, 0xFF262120, 0xFF25211F,
  0xFF25211F, 0xFF24201F, 0xFF24201F, 0xFF24211F, 0xFF252120, 0xFF242020, 0xFF24201F, 0xFF24201F,
  0xFE242120, 0xFF242121, 0xFF242121, 0xFF242122, 0xFE242122, 0xFF262323, 0xFF252222, 0xFF242123,
  0xFF252324, 0xFF272426, 0xFE282627, 0xFE292628, 0xFF2A282A, 0xFE2E2C2E, 0xFD2E2D2F, 0xFE2F2E30,
  0xFE2E2D30, 0xFE2F2E31, 0xFE303033, 0xFE302F33, 0xFE303034, 0xFE303034, 0xFF323136, 0xFF313136,
  0xFF323136, 0xFE323237, 0xFE333338, 0xFE333339, 0xFE35353A, 0xFE35363C, 0xFE35363D, 0xFE3C3D46,
  0xFE2F303B, 0xFE1F212B, 0xFE5D5F6F, 0xFEC3C8DC, 0xFF666C98, 0xFE2A2D62, 0xFE686D91, 0xFF262858,
  0xFF060634, 0xFF010116, 0xFE474855, 0xFE5D5E64, 0xFF3D3D40, 0xFF0A0A0A, 0xFE0A0A0A, 0xFD060606,
  0xFB030302, 0xFD0B0A0A, 0xFF0D0D0D, 0xFE5A5A60, 0xFE6C6C74, 0xFE696970, 0xFF000000, 0xFF000007,
  0xFF000009, 0xFE2F303D, 0xFE343645, 0xFF2B2D38, 0xFE3D3F49, 0xFE6B6D77, 0xFD797B86, 0xFE6B6D76,
  0xFE666870, 0xFE666870, 0xFE66666D, 0xFE65666B, 0xFE66676E, 0xFE65666D, 0xFE65666D, 0xFE65666B,
  0xFE63646A, 0xFE62646A, 0xFE62646A, 0xFE616268, 0xFE606267, 0xFE5E5F65, 0xFE5D5E64, 0xFE5D5F64,
  0xFE59595E, 0xFE5A585D, 0xFE4E4B4D, 0xFF433F42, 0xFF4D484B, 0xFF494445, 0xFF474242, 0xFE484242,
  0xFF4A4243, 0xFF484141, 0xFE474140, 0xFF484140, 0xFF484040, 0xFF463E3E, 0xFF48403E, 0xFF49403D,
  0xFE483D39, 0xFF463C38, 0xFF463C38, 0xFF493E3A, 0xFE483D38, 0xFE473C36, 0xFF473C36, 0xFF483C36,
  0xFE4A3E36, 0xFE4B3F38, 0xFE4A3E35, 0xFF4A3C33, 0xFF4C3F35, 0xFF4D3F35, 0xFF4B3D33, 0xFF4E3F34,
  0xFF4F4034, 0xFE504033, 0xFE524134, 0xFE524133, 0xFF513F31, 0xFE534234, 0xFE554435, 0xFE554334,
  0xFF574534, 0xFF584634, 0xFE584634, 0xFE594635, 0xFE5B4734, 0xFF5D4936, 0xFE5E4A36, 0xFD5F4C37,
  0xFE5F4B36, 0xFF614C36, 0xFE644E37, 0xFE644F37, 0xFE655038, 0xFF6A533B, 0xFE68523A, 0xFF68523A,
  0xFE6C553C, 0xFE6C543B, 0xFE6D563B, 0xFF70573C, 0xFE71593D, 0xFE725B3F, 0xFF755C3F, 0xFE775E3F,
  0xFE795F41, 0xFE7B6041, 0xFE7D6142, 0xFF7F6341, 0xFF816544, 0xFE826644, 0xFF836643, 0xFF846844,
  0xFE856845, 0xFF876B47, 0xFF896D47, 0xFE896D47, 0xFE8B6F4A, 0xFE8F734B, 0xFE93774D, 0xFE94784F,
  0xFE987B4F, 0xFE9E7F50, 0xFEA28353, 0xFEA58656, 0xFFA68856, 0xFEAA8C57, 0xFEB0925A, 0xFEB79A5D,
  0xFFBB9D61, 0xFFC0A264, 0xFFC7A967, 0xFECBB270, 0xFECFB877, 0xFFD1BA77, 0xFED3BE79, 0xFED5BF79,
  0xFED4BF7C, 0xFED2BB78, 0xFFCEB673, 0xFECEB473, 0xFECBB06F, 0xFFC5A969, 0xFEC0A467, 0xFEBDA163,
  0xFEBB9E5F, 0xFEB89A5D, 0xFEB2955A, 0xFFAD8F57, 0xFEAB8C55, 0xFEA78953, 0xFE9F814C, 0xFE9C7F4D,
  0xFF997D4F, 0xFE977B4D, 0xFE93784B, 0xFE90744A, 0xFE8D7148, 0xFE8C7149, 0xFE8B6F49, 0xFE866B45,
  0xFE836A44, 0xFE816944, 0xFE816744, 0xFE7F6744, 0xFE7C6441, 0xFE7A6342, 0xFE7A6242, 0xFF7A6242,
  0xFE765E3E, 0xFF735C3C, 0xFE755E40, 0xFE735C3D, 0xFF72593B, 0xFF71593B, 0xFE6F583B, 0xFE6E573A,
  0xFF6B5439, 0xFE695238, 0xFE665139, 0xFE69533A, 0xFF695239, 0xFF644D36, 0xFE624D36, 0xFE614C36,
  0xFE604B36, 0xFE5E4935, 0xFE5C4935, 0xFE5E4936, 0xFE5D4936, 0xFE5B4937, 0xFF564433, 0xFF554333,
  0xFE544334, 0xFE534334, 0xFF514134, 0xFF4E4032, 0xFE4F4034, 0xFE4E3F33, 0xFF504032, 0xFF4C3E32,
  0xFF4B3D32, 0xFF4B3E33, 0xFE4A3D34, 0xFF4A3D33, 0xFF4A3C34, 0xFF493C33, 0xFF473B33, 0xFF483B33,
  0xFF473B32, 0xFF463A32, 0xFF453A33, 0xFE463A33, 0xFE463B33, 0xFF453B35, 0xFF453B35, 0xFE443A35,
  0xFF463C36, 0xFF463D38, 0xFF453D39, 0xFF463E3B, 0xFE473F3D, 0xFF483F3D, 0xFF4A4342, 0xFE4C4546,
  0xFF4E4849, 0xFF514B4D, 0xFE534E50, 0xFE524C4E, 0xFE534D50, 0xFE4E4B4E, 0xFE616165, 0xFE626368,
  0xFE616267, 0xFE64656B, 0xFE64656C, 0xFE66686D, 0xFE64666C, 0xFE65666D, 0xFF66676E, 0xFE67686E,
  0xFE66676E, 0xFE65676D, 0xFE66686E, 0xFE67686F, 0xFE66676E, 0xFE65676F, 0xFE65676F, 0xFE63646F,
  0xFE6E707C, 0xFE7C7F8F, 0xFE797C92, 0xFE57597D, 0xFF353873, 0xFE4C4E81, 0xFE3D4078, 0xFF000056,
  0xFF000047, 0xFE000020, 0xFD656674, 0xFE6F6F7A, 0xFE54545A, 0xFF080808, 0xFE0A0A0A, 0xFC080707,
  0xFF040403, 0xFC101010, 0xFE070606, 0xFD66666E, 0xFD8E8F9B, 0xFD9696A0, 0xFF64666F, 0xFF2E2F3A,
  0xFF292A34, 0xFE1E1E27, 0xFF24252D, 0xFF2A2B34, 0xFF26272F, 0xFF1F1F28, 0xFE212128, 0xFF26262D,
  0xFF29292F, 0xFF2B2B31, 0xFF2A2A30, 0xFF28282E, 0xFF28282F, 0xFF29292F, 0xFF29292F, 0xFF29292F,
  0xFE28282E, 0xFF28282D, 0xFF28282D, 0xFE28272C, 0xFE29282D, 0xFF28272C, 0xFF28272C, 0xFF2A282C,
  0xFF2D2A2D, 0xFF312D30, 0xFF090809, 0xFF332A26, 0xFF40322D, 0xFF41322B, 0xFF43332B, 0xFF43322B,
  0xFF44322B, 0xFF45342B, 0xFE47352B, 0xFE47342A, 0xFF48342A, 0xFF48342A, 0xFF4B362A, 0xFF4D372A,
  0xFE4F382A, 0xFF503829, 0xFF51382A, 0xFE553B2B, 0xFE563B2B, 0xFE583C2B, 0xFF583C2A, 0xFF5A3E2B,
  0xFD5D3F2C, 0xFE5F402C, 0xFE60412A, 0xFF61412A, 0xFF65442C, 0xFE68462C, 0xFF6B472D, 0xFF6D482D,
  0xFF704A2D, 0xFE754D2D, 0xFE774F2E, 0xFE7A502E, 0xFF7C512D, 0xFE7F542F, 0xFD825630, 0xFE83562F,
  0xFF875930, 0xFF8A5B30, 0xFE8B5D32, 0xFE8E5F32, 0xFE905F31, 0xFE936232, 0xFE976534, 0xFC9B6835,
  0xFE9B6733, 0xFE9E6933, 0xFEA36D35, 0xFEA77036, 0xFEA97337, 0xFEAA7438, 0xFEAE7639, 0xFEB1793A,
  0xFDB67D3C, 0xFDB8803C, 0xFEBB823D, 0xFEC0853D, 0xFEC2883F, 0xFDC68C41, 0xFEC68C42, 0xFECB9043,
  0xFED09444, 0xFED19545, 0xFED39746, 0xFFD89C45, 0xFED89C47, 0xFED89E49, 0xFEDBA148, 0xFEDCA24A,
  0xFDDDA54B, 0xFEE0A94D, 0xFFE1A94D, 0xFEE2AA4E, 0xFDE5AF51, 0xFEE6B353, 0xFEE9B856, 0xFEEBB956,
  0xFEEEBD59, 0xFEF0C15C, 0xFDF4CA61, 0xFDF6CF64, 0xFEF5CE66, 0xFEF8D56D, 0xFEFBDA72, 0xFEFCDF75,
  0xFFFEE379, 0xFFFFE87F, 0xFEFFEE86, 0xFFFFF38F, 0xFEFFF898, 0xFFFFF99D, 0xFEFFFAA2, 0xFEFFFCA6,
  0xFEFFFBA5, 0xFEFFF89E, 0xFFFFF496, 0xFEFFF291, 0xFEFFEE8B, 0xFFFEEB84, 0xFFFDE67F, 0xFEFBE179,
  0xFEFADD71, 0xFEF9D86E, 0xFEF7D46B, 0xFEF5D065, 0xFEF5CD63, 0xFDF4CA61, 0xFEF0C35C, 0xFEEEBF58,
  0xFEEBBB55, 0xFDEABA52, 0xFEE8B651, 0xFEE7B351, 0xFEE5B04E, 0xFEE2AC4D, 0xFDE2AA4B, 0xFEDCA549,
  0xFEDBA448, 0xFED9A346, 0xFED89F45, 0xFED79D45, 0xFED49943, 0xFDD29944, 0xFECF9743, 0xFECE923F,
  0xFECB903F, 0xFEC98E3E, 0xFDCB9040, 0xFEC88E3F, 0xFEC88D3E, 0xFEC5893D, 0xFEC3873C, 0xFDC1863B,
  0xFEBF8339, 0xFEBA7F38, 0xFDB37937, 0xFDB47A38, 0xFEB17838, 0xFFAD7336, 0xFEA87135, 0xFEA56E35,
  0xFDA46D35, 0xFE9C6832, 0xFE976330, 0xFD976331, 0xFD966230, 0xFD946130, 0xFF8C5B2E, 0xFE88592D,
  0xFE85572C, 0xFE84562D, 0xFF81532C, 0xFF7C502A, 0xFE784E2B, 0xFE774D2B, 0xFF774D2C, 0xFF71492A,
  0xFF6D4729, 0xFE6A4528, 0xFE6A4529, 0xFE69452A, 0xFF654128, 0xFE624128, 0xFF603F28, 0xFF624028,
  0xFF5E3D27, 0xFF5A3B26, 0xFF583B27, 0xFF583B27, 0xFE573A27, 0xFF553928, 0xFF533828, 0xFE503627,
  0xFF523827, 0xFF503727, 0xFF4C3427, 0xFE4B3428, 0xFE4A3428, 0xFF4B3528, 0xFF483328, 0xFF463228,
  0xFF453228, 0xFF453229, 0xFE433128, 0xFE40302A, 0xFF382B26, 0xFE0D0B0A, 0xFE2C2829, 0xFF282526,
  0xFF282528, 0xFF27252A, 0xFF28262A, 0xFF28262A, 0xFF262529, 0xFF252429, 0xFF252429, 0xFF25252A,
  0xFF26262B, 0xFF26262B, 0xFF26262B, 0xFF26262C, 0xFE28272E, 0xFE282830, 0xFF282931, 0xFF292935,
  0xFE262736, 0xFE222334, 0xFF1D1E3B, 0xFF202149, 0xFF272957, 0xFE262859, 0xFE22235B, 0xFF2C2E67,
  0xFF2F3160, 0xFF696C82, 0xFD92939F, 0xFE8D8D9A, 0xFE595A60, 0xFE000000, 0xFC141314, 0xFF090909,
  0xC5050503, 0xFF0C0C0C, 0xFA050405, 0xFC1B1C1E, 0xFD6F717B, 0xFD7E808B, 0xFE8E8F9A, 0xFF8C8D97,
  0xFE8B8D95, 0xFE8D8F99, 0xFE8D8F9A, 0xFE8B8D99, 0xFE8A8C98, 0xFE8A8C97, 0xFD8A8B96, 0xFE888A96,
  0xFE878995, 0xFE868793, 0xFE868893, 0xFE858792, 0xFE838591, 0xFE81828F, 0xFF80828D, 0xFE838590,
  0xFE82848E, 0xFE81828D, 0xFE80828C, 0xFE7F808A, 0xFE7F818A, 0xFF7E7E89, 0xFE7D7D87, 0xFE7C7B84,
  0xFE7B7A84, 0xFE85838C, 0xFE1C1B1D, 0xFF50484A, 0xFF685C5F, 0xFF635657, 0xFE635555, 0xFE615353,
  0xFF625352, 0xFE635452, 0xFD655552, 0xFE645451, 0xFF655450, 0xFF665451, 0xFF685550, 0xFF685650,
  0xFE68554F, 0xFE68544E, 0xFF6A554E, 0xFF6E5850, 0xFE6E574F, 0xFE6F584E, 0xFF6F584F, 0xFE71594E,
  0xFE735A4E, 0xFE755C4F, 0xFE765C4F, 0xFF765C4F, 0xFE7A6050, 0xFE7C6050, 0xFF7E614F, 0xFF816350,
  0xFE826551, 0xFE836652, 0xFE866851, 0xFE886850, 0xFF896950, 0xFF8D6D53, 0xFE8F6F54, 0xFE907052,
  0xFF937253, 0xFF947353, 0xFE967654, 0xFE997855, 0xFE9B7A56, 0xFE9C7A54, 0xFE9E7D55, 0xFDA18057,
  0xFEA28056, 0xFEA48358, 0xFEA58559, 0xFEA68758, 0xFEA88959, 0xFEAC8A5B, 0xFEAD8D5B, 0xFEAD8E5C,
  0xFDB09260, 0xFEB1925E, 0xFEB3945E, 0xFFB5965F, 0xFEB6975F, 0xFEB89A61, 0xFEBB9C61, 0xFEBC9D61,
  0xFDBEA062, 0xFEBFA164, 0xFEC0A264, 0xFFC1A464, 0xFEC6A868, 0xFEC7AA6A, 0xFFC7AB6A, 0xFEC7AB6A,
  0xFEC8AC6B, 0xFECDB26D, 0xFFCEB370, 0xFECDB371, 0xFECFB573, 0xFED3B975, 0xFED6BD78, 0xFED6BE7A,
  0xFED8C17E, 0xFEDBC582, 0xFEDFCB87, 0xFEE2CE89, 0xFEE5CF8B, 0xFEE8D590, 0xFEEBDA95, 0xFEF1E09C,
  0xFFF2E3A2, 0xFFF4E6A7, 0xFEF8EBAE, 0xFEF9EFB1, 0xFFFBF3B9, 0xFFFDF6BE, 0xFFFDF8C1, 0xFEFFFAC5,
  0xFEFFFBC6, 0xFEFFFBC5, 0xFFFEFBC2, 0xFFFDF8BA, 0xFFFDF5B7, 0xFFFDF4B4, 0xFFFAF0B2, 0xFEF7EBAC,
  0xFEF6E8A6, 0xFEF5E5A2, 0xFFF3E29E, 0xFEF0DE9A, 0xFEEDDA97, 0xFEE9D691, 0xFEE6D08C, 0xFEE3CC89,
  0xFEDFC986, 0xFEDEC783, 0xFDDCC37D, 0xFED8BF7A, 0xFED6BC78, 0xFED5BA76, 0xFED3B873, 0xFED0B673,
  0xFECFB371, 0xFECEB06E, 0xFECCAD6C, 0xFEC9AB6C, 0xFEC6A96B, 0xFEC4A76A, 0xFEC3A668, 0xFEC2A265,
  0xFEBFA064, 0xFEBD9E64, 0xFDBD9F65, 0xFEB99B63, 0xFEB7985F, 0xFEB7975D, 0xFEB6955C, 0xFDB6955D,
  0xFEB1905A, 0xFEAE8C59, 0xFEAC8959, 0xFDAD8B5A, 0xFFAB8959, 0xFFA78558, 0xFFA48256, 0xFEA38155,
  0xFDA38157, 0xFE9F7C55, 0xFE9B7853, 0xFE997651, 0xFD9B7752, 0xFD9B7753, 0xFF947051, 0xFE916E50,
  0xFE8E6D4F, 0xFF8F6D51, 0xFF8C6B51, 0xFF89684F, 0xFE86664E, 0xFF85664F, 0xFF866750, 0xFF81634D,
  0xFF7E604D, 0xFF7C5F4E, 0xFE7B5F4E, 0xFE7B5F4F, 0xFF785D4F, 0xFF765B4E, 0xFF735A4E, 0xFF765C4E,
  0xFF735A4E, 0xFF71594E, 0xFF70584E, 0xFE6F584E, 0xFE6E574E, 0xFF6D574F, 0xFE6B564F, 0xFE6A554E,
  0xFF6B5650, 0xFF6A5650, 0xFF685551, 0xFE685551, 0xFE675551, 0xFF695752, 0xFE675653, 0xFF665654,
  0xFF665655, 0xFE695958, 0xFE695B5A, 0xFE6B5E5F, 0xFF5E5354, 0xFE1D1B1D, 0xFD7E7A83, 0xFE7A7880,
  0xFE7E7C86, 0xFE7E7E88, 0xFE7F7F89, 0xFF81808B, 0xFE7F808A, 0xFE7E7E89, 0xFF7D7D88, 0xFE7F808A,
  0xFF80818B, 0xFE80808B, 0xFF7F7F8A, 0xFF80808B, 0xFD81828C, 0xFE81828D, 0xFE82848F, 0xFE848591,
  0xFE848691, 0xFD868893, 0xFE888994, 0xFE888994, 0xFE888A94, 0xFE8B8D96, 0xFE8D8F97, 0xFF8A8B93,
  0xFF91949C, 0xFF8F919D, 0xFD838592, 0xFD7B7C89, 0xFC1F2022, 0xFB101111, 0xFF18191A, 0xDB050504,
  0x23070707, 0xCB060605, 0xFF121212, 0xFF0F0F10, 0xFF121214, 0xFE232226, 0xFF1A1A1C, 0xFF19191B,
  0xFF1A1B1D, 0xFE1A1A1C, 0xFF1B1A1D, 0xFF1B1B1E, 0xFF19191C, 0xFE17181A, 0xFE171618, 0xFE161618,
  0xFF161618, 0xFE151517, 0xFF151517, 0xFE151617, 0xFF151517, 0xFF141416, 0xFF131314, 0xFE151415,
  0xFE141415, 0xFF131314, 0xFE141414, 0xFE141414, 0xFF141413, 0xFF141314, 0xFF131313, 0xFF131213,
  0xFF121111, 0xFF131212, 0xFF070606, 0xFF0E0C0B, 0xFF12100F, 0xFF12100D, 0xFE13110E, 0xFE14110F,
  0xFF14120F, 0xFF15120F, 0xFD16130F, 0xFE16120F, 0xFF16130F, 0xFF161310, 0xFF17130F, 0xFF18130F,
  0xFE18140E, 0xFF19140F, 0xFF19140F, 0xFF1A140F, 0xFE1B150F, 0xFE1C160F, 0xFF1C160F, 0xFF1E160F,
  0xFE1F170E, 0xFE21180E, 0xFE21180E, 0xFF22190E, 0xFE23190E, 0xFF24190E, 0xFF261B0F, 0xFF291C0F,
  0xFE2A1D0E, 0xFE2A1D0E, 0xFE2D1F0E, 0xFE2F210E, 0xFF2F1F0D, 0xFF33230E, 0xFE372510, 0xFE392610,
  0xFF3A2810, 0xFF3C280F, 0xFE3F2B10, 0xFE432D12, 0xFE473013, 0xFE452F11, 0xFE493212, 0xFD4D3513,
  0xFE4F3512, 0xFE503612, 0xFE533913, 0xFE543913, 0xFE563A13, 0xFF5A3E15, 0xFE5C3F14, 0xFE5E4014,
  0xFD614215, 0xFE624415, 0xFE654616, 0xFE684916, 0xFE6B4A16, 0xFE6D4B17, 0xFE6F4D17, 0xFE724F18,
  0xFE745118, 0xFE775419, 0xFE795519, 0xFF7C5819, 0xFE815C1B, 0xFE835E1B, 0xFF835D1A, 0xFE86601C,
  0xFE89631D, 0xFF8F681F, 0xFF8F681F, 0xFE8F691E, 0xFE936D1F, 0xFE977121, 0xFE9C7623, 0xFE9F7823,
  0xFEA37C25, 0xFEA78027, 0xFDB18B2A, 0xFEB58D2C, 0xFEB78E2B, 0xFEBD9530, 0xFEC49E34, 0xFECDAA39,
  0xFFCFAC3D, 0xFFD3B040, 0xFEDCBA45, 0xFEE4C54D, 0xFEEACD54, 0xFFEBCF55, 0xFEEFD75B, 0xFEF1DB5E,
  0xFEF1DB62, 0xFEEFD85E, 0xFEEBD356, 0xFEEAD154, 0xFEE9CD51, 0xFFE7CA4E, 0xFEDFC049, 0xFEDAB944,
  0xFED6B440, 0xFECFAD3C, 0xFEC8A638, 0xFEC3A035, 0xFEC09B33, 0xFDBB9631, 0xFEB48E2F, 0xFEAE892D,
  0xFEAA842A, 0xFEA98329, 0xFEA27D26, 0xFE9D7724, 0xFE9B7524, 0xFE997424, 0xFD977223, 0xFE936E21,
  0xFE906B20, 0xFE8C6921, 0xFE8A661F, 0xFF86621E, 0xFE805D1D, 0xFE7E5C1C, 0xFE7C5A1C, 0xFE7B591C,
  0xFF77551B, 0xFE73521A, 0xFD705119, 0xFE6E4F1A, 0xFE6C4C19, 0xFF684917, 0xFE654717, 0xFE624517,
  0xFF604217, 0xFE5B3F16, 0xFE573C15, 0xFE583D16, 0xFF563B15, 0xFF523714, 0xFF4E3615, 0xFE4D3515,
  0xFD4D3414, 0xFE493114, 0xFE452F13, 0xFE432E13, 0xFE422E14, 0xFE402D14, 0xFF372510, 0xFF352410,
  0xFE33230F, 0xFE312211, 0xFF2E2010, 0xFF2B1D0E, 0xFF291C0E, 0xFF281C0F, 0xFF281C0F, 0xFF241A0E,
  0xFF23190F, 0xFE231A10, 0xFE21180F, 0xFE20170F, 0xFF1F170F, 0xFF1E170F, 0xFF1D160F, 0xFF1E170F,
  0xFF1C160F, 0xFF1C1610, 0xFF1B150F, 0xFF1A150F, 0xFE1A150F, 0xFF1B1611, 0xFE1A1510, 0xFE1A1510,
  0xFF191510, 0xFF181510, 0xFF171410, 0xFE171511, 0xFE171411, 0xFF161310, 0xFF161310, 0xFF161411,
  0xFF151311, 0xFF141311, 0xFE141311, 0xFE131110, 0xFF100E0D, 0xFE070606, 0xFE181717, 0xFE151414,
  0xFF141414, 0xFF141313, 0xFF131313, 0xFF141414, 0xFE131314, 0xFF131313, 0xFF121213, 0xFF111112,
  0xFF121112, 0xFE121214, 0xFF121213, 0xFF111112, 0xFE121213, 0xFE121214, 0xFF131214, 0xFE141415,
  0xFE141416, 0xFE141517, 0xFE151516, 0xFE16171A, 0xFE191A1D, 0xFE1A1B1D, 0xFE1C1C1E, 0xFF1C1D21,
  0xFF1E1F22, 0xFE222226, 0xFE212124, 0xFF141416, 0xFF151515, 0xFF161618, 0xD0040404, 0x2B050505,
  0x00000000, 0x091C1C1C, 0x6C040404, 0xBF080808, 0xEB0B0B0B, 0xFB0A090A, 0xFC090909, 0xFD080809,
  0xFC070708, 0xFC070708, 0xFC070707, 0xFD070707, 0xFD060607, 0xFC060606, 0xFB060607, 0xFC060606,
  0xFC060506, 0xFC050506, 0xFD050505, 0xFC050505, 0xFC040405, 0xFD050405, 0xFD050405, 0xFD040404,
  0xFD040404, 0xFE040404, 0xFD040404, 0xFD040404, 0xFC040404, 0xFC040304, 0xFD030303, 0xFD030303,
  0xFD030303, 0xFE030303, 0xFE010101, 0xFE030202, 0xFE040303, 0xFE040303, 0xFD050403, 0xFD050304,
  0xFD050404, 0xFD050404, 0xFC060404, 0xFD050403, 0xFE050403, 0xFD050403, 0xFD050403, 0xFD050403,
  0xFD050403, 0xFD050403, 0xFD050403, 0xFD050403, 0xFD060403, 0xFD070403, 0xFE060403, 0xFD070403,
  0xFC080503, 0xFD080503, 0xFD080503, 0xFD080503, 0xFD090604, 0xFD0A0603, 0xFE0B0603, 0xFE0B0704,
  0xFD0C0704, 0xFD0F0804, 0xFD100904, 0xFD110A04, 0xFE100904, 0xFD120B04, 0xFD140C04, 0xFD170D04,
  0xFD170E04, 0xFD180E04, 0xFC1A1005, 0xFD1C1105, 0xFD1E1204, 0xFD1E1305, 0xFC201506, 0xFB221605,
  0xFC231605, 0xFD241605, 0xFD261805, 0xFC271905, 0xFD291A05, 0xFD2A1A05, 0xFD2C1C06, 0xFD2F1E06,
  0xFC302006, 0xFC322106, 0xFD342306, 0xFD352306, 0xFD372506, 0xFC382607, 0xFD382607, 0xFD3B2807,
  0xFC3D2A07, 0xFC3F2B08, 0xFC412D08, 0xFD452F08, 0xFD483208, 0xFD493308, 0xFE483208, 0xFD4B3408,
  0xFC4F3709, 0xFC533B0B, 0xFD533B0A, 0xFC533B0A, 0xFD573E0B, 0xFD5C420C, 0xFC62460D, 0xFC61460C,
  0xFC65490D, 0xFC6A4D0E, 0xFC715310, 0xFC745611, 0xFC725510, 0xFC785A11, 0xFC7E5F12, 0xFB866515,
  0xFD856415, 0xFD886616, 0xFC8E6E19, 0xFC98761D, 0xFD9F7B1F, 0xFD9D791D, 0xFCA38121, 0xFCA68524,
  0xFCA78523, 0xFCA28020, 0xFC9D7B1D, 0xFD9F7C1E, 0xFD9C781C, 0xFD987519, 0xFD8F6D18, 0xFC8A6A16,
  0xFC866615, 0xFD7C5D11, 0xFC775810, 0xFC72530F, 0xFC71530F, 0xFC6D500E, 0xFD674B0C, 0xFD62470C,
  0xFC5F440B, 0xFD5E440B, 0xFC5B400A, 0xFD563D09, 0xFD523A08, 0xFC523A09, 0xFC533A09, 0xFD4F3808,
  0xFD4C3508, 0xFC483308, 0xFD473207, 0xFD442F08, 0xFC402D08, 0xFC3F2C07, 0xFD3E2B07, 0xFD3C2907,
  0xFD3B2707, 0xFD382607, 0xFC362507, 0xFC342307, 0xFC332206, 0xFD311F06, 0xFD2E1E06, 0xFC2B1C06,
  0xFD2A1B06, 0xFD271906, 0xFC251705, 0xFC241706, 0xFD231605, 0xFD221405, 0xFD1F1405, 0xFC1E1305,
  0xFD1F1306, 0xFD1C1105, 0xFD1A1005, 0xFC190F04, 0xFC180F05, 0xFC160E04, 0xFE110A04, 0xFD110A04,
  0xFD0F0904, 0xFD0E0904, 0xFD0D0704, 0xFE0B0604, 0xFC0B0603, 0xFD0A0603, 0xFE0A0603, 0xFD090503,
  0xFD080503, 0xFD070503, 0xFC070503, 0xFD070503, 0xFE060403, 0xFE060403, 0xFD060403, 0xFD070503,
  0xFE050403, 0xFE050303, 0xFD050403, 0xFD050403, 0xFC050403, 0xFD050403, 0xFD050303, 0xFD040303,
  0xFD040403, 0xFE040303, 0xFE040303, 0xFD040303, 0xFD040303, 0xFE040303, 0xFE030303, 0xFD030303,
  0xFD040303, 0xFD040303, 0xFC040303, 0xFC030303, 0xFD020202, 0xFE010100, 0xFD020201, 0xFD020202,
  0xFD020202, 0xFE030203, 0xFD030303, 0xFD030303, 0xFC030303, 0xFD030304, 0xFE030304, 0xFD030303,
  0xFD030303, 0xFD040404, 0xFE030304, 0xFD040304, 0xFC040405, 0xFB040405, 0xFD040505, 0xFC040405,
  0xFC050505, 0xFC050606, 0xFD050506, 0xFC060607, 0xFD070708, 0xFC080808, 0xFC080809, 0xFD080809,
  0xFD080909, 0xFC060707, 0xFC030303, 0xEB060708, 0xBF080808, 0x75000000, 0x0D000000, 0x00000000
};
