#pragma once
// Auto-generated from SliderBar.png
// Dimensions: 256x32 RGBA

#include <cstdint>

static const int GUI_SLIDER_BAR_WIDTH  = 256;
static const int GUI_SLIDER_BAR_HEIGHT = 32;
static const int GUI_SLIDER_BAR_CHANNELS = 4;

// Packed RGBA as uint32_t (R in low byte)
static const uint32_t GUI_SLIDER_BAR_DATA[8192] = {
  0x00000000, 0x00000000, 0x00000000, 0x00000000, 0x00000000, 0x00000000, 0x00000000, 0x00000000,
  0x00000000, 0x00000000, 0x00000000, 0x00000000, 0x00000000, 0x00000000, 0x00000000, 0x00000000,
  0x00000000, 0x00000000, 0x00000000, 0x00000000, 0x00000000, 0x00000000, 0x00000000, 0x00000000,
  0x00000000, 0x00000000, 0x00000000, 0x00000000, 0x00000000, 0x00000000, 0x00000000, 0x00000000,
  0x00000000, 0x00000000, 0x00000000, 0x00000000, 0x00000000, 0x00000000, 0x00000000, 0x00000000,
  0x00000000, 0x00000000, 0x00000000, 0x00000000, 0x00000000, 0x00000000, 0x00000000, 0x00000000,
  0x00000000, 0x00000000, 0x00000000, 0x00000000, 0x00000000, 0x00000000, 0x00000000, 0x00000000,
  0x00000000, 0x00000000, 0x00000000, 0x00000000, 0x00000000, 0x00000000, 0x00000000, 0x00000000,
  0x00000000, 0x00000000, 0x00000000, 0x00000000, 0x00000000, 0x00000000, 0x00000000, 0x00000000,
  0x00000000, 0x00000000, 0x00000000, 0x00000000, 0x00000000, 0x00000000, 0x00000000, 0x00000000,
  0x00000000, 0x00000000, 0x00000000, 0x00000000, 0x00000000, 0x00000000, 0x00000000, 0x00000000,
  0x00000000, 0x00000000, 0x00000000, 0x00000000, 0x00000000, 0x00000000, 0x00000000, 0x00000000,
  0x00000000, 0x00000000, 0x00000000, 0x00000000, 0x00000000, 0x00000000, 0x00000000, 0x00000000,
  0x00000000, 0x00000000, 0x00000000, 0x00000000, 0x00000000, 0x00000000, 0x00000000, 0x00000000,
  0x00000000, 0x00000000, 0x00000000, 0x00000000, 0x00000000, 0x00000000, 0x00000000, 0x00000000,
  0x00000000, 0x00000000, 0x00000000, 0x00000000, 0x00000000, 0x00000000, 0x00000000, 0x00000000,
  0x00000000, 0x00000000, 0x00000000, 0x00000000, 0x00000000, 0x00000000, 0x00000000, 0x00000000,
  0x00000000, 0x00000000, 0x00000000, 0x00000000, 0x00000000, 0x00000000, 0x00000000, 0x00000000,
  0x00000000, 0x00000000, 0x00000000, 0x00000000, 0x00000000, 0x00000000, 0x00000000, 0x00000000,
  0x00000000, 0x00000000, 0x00000000, 0x00000000, 0x00000000, 0x00000000, 0x00000000, 0x00000000,
  0x00000000, 0x00000000, 0x00000000, 0x00000000, 0x00000000, 0x00000000, 0x00000000, 0x00000000,
  0x00000000, 0x00000000, 0x00000000, 0x00000000, 0x00000000, 0x00000000, 0x00000000, 0x00000000,
  0x00000000, 0x00000000, 0x00000000, 0x00000000, 0x00000000, 0x00000000, 0x00000000, 0x00000000,
  0x00000000, 0x00000000, 0x00000000, 0x00000000, 0x00000000, 0x00000000, 0x00000000, 0x00000000,
  0x00000000, 0x00000000, 0x00000000, 0x00000000, 0x00000000, 0x00000000, 0x00000000, 0x00000000,
  0x00000000, 0x00000000, 0x00000000, 0x00000000, 0x00000000, 0x00000000, 0x00000000, 0x00000000,
  0x00000000, 0x00000000, 0x00000000, 0x00000000, 0x00000000, 0x00000000, 0x00000000, 0x00000000,
  0x00000000, 0x00000000, 0x00000000, 0x00000000, 0x00000000, 0x00000000, 0x00000000, 0x00000000,
  0x00000000, 0x00000000, 0x00000000, 0x00000000, 0x00000000, 0x00000000, 0x00000000, 0x00000000,
  0x00000000, 0x00000000, 0x00000000, 0x00000000, 0x00000000, 0x00000000, 0x00000000, 0x00000000,
  0x00000000, 0x00000000, 0x00000000, 0x00000000, 0x00000000, 0x00000000, 0x00000000, 0x00000000,
  0x00000000, 0x00000000, 0x00000000, 0x00000000, 0x00000000, 0x00000000, 0x00000000, 0x00000000,
  0x00000000, 0x00000000, 0x00000000, 0x00000000, 0x00000000, 0x00000000, 0x00000000, 0x00000000,
  0x00000000, 0x00000000, 0x00000000, 0x00000000, 0x00000000, 0x00000000, 0x00000000, 0x00000000,
  0x00000000, 0x00000000, 0x00000000, 0x00000000, 0x00000000, 0x00000000, 0x00000000, 0x00000000,
  0x00000000, 0x00000000, 0x00000000, 0x00000000, 0x00000000, 0x00000000, 0x00000000, 0x00000000,
  0x00000000, 0x00000000, 0x00000000, 0x00000000, 0x00000000, 0x00000000, 0x00000000, 0x00000000,
  0x00000000, 0x00000000, 0x00000000, 0x00000000, 0x00000000, 0x00000000, 0x00000000, 0x00000000,
  0x00000000, 0x00000000, 0x00000000, 0x00000000, 0x00000000, 0x00000000, 0x00000000, 0x00000000,
  0x00000000, 0x00000000, 0x00000000, 0x00000000, 0x00000000, 0x00000000, 0x00000000, 0x00000000,
  0x00000000, 0x00000000, 0x00000000, 0x00000000, 0x00000000, 0x00000000, 0x00000000, 0x00000000,
  0x00000000, 0x00000000, 0x00000000, 0x00000000, 0x00000000, 0x00000000, 0x00000000, 0x00000000,
  0x00000000, 0x00000000, 0x00000000, 0x00000000, 0x00000000, 0x00000000, 0x00000000, 0x00000000,
  0x00000000, 0x00000000, 0x00000000, 0x00000000, 0x00000000, 0x00000000, 0x00000000, 0x00000000,
  0x00000000, 0x00000000, 0x00000000, 0x00000000, 0x00000000, 0x00000000, 0x00000000, 0x00000000,
  0x00000000, 0x00000000, 0x00000000, 0x00000000, 0x00000000, 0x00000000, 0x00000000, 0x00000000,
  0x00000000, 0x00000000, 0x00000000, 0x00000000, 0x00000000, 0x00000000, 0x00000000, 0x00000000,
  0x00000000, 0x00000000, 0x00000000, 0x00000000, 0x00000000, 0x00000000, 0x00000000, 0x00000000,
  0x00000000, 0x00000000, 0x00000000, 0x00000000, 0x00000000, 0x00000000, 0x00000000, 0x00000000,
  0x00000000, 0x00000000, 0x00000000, 0x00000000, 0x00000000, 0x00000000, 0x00000000, 0x00000000,
  0x00000000, 0x00000000, 0x00000000, 0x00000000, 0x00000000, 0x00000000, 0x00000000, 0x00000000,
  0x00000000, 0x00000000, 0x00000000, 0x00000000, 0x00000000, 0x00000000, 0x00000000, 0x00000000,
  0x00000000, 0x00000000, 0x00000000, 0x00000000, 0x00000000, 0x00000000, 0x00000000, 0x00000000,
  0x00000000, 0x00000000, 0x00000000, 0x00000000, 0x00000000, 0x00000000, 0x00000000, 0x00000000,
  0x00000000, 0x00000000, 0x00000000, 0x00000000, 0x00000000, 0x00000000, 0x00000000, 0x00000000,
  0x00000000, 0x00000000, 0x00000000, 0x00000000, 0x00000000, 0x00000000, 0x00000000, 0x00000000,
  0x00000000, 0x00000000, 0x00000000, 0x00000000, 0x00000000, 0x00000000, 0x00000000, 0x00000000,
  0x00000000, 0x00000000, 0x00000000, 0x00000000, 0x00000000, 0x00000000, 0x00000000, 0x00000000,
  0x00000000, 0x00000000, 0x00000000, 0x00000000, 0x00000000, 0x00000000, 0x00000000, 0x00000000,
  0x00000000, 0x00000000, 0x00000000, 0x00000000, 0x00000000, 0x00000000, 0x00000000, 0x00000000,
  0x00000000, 0x00000000, 0x00000000, 0x00000000, 0x00000000, 0x00000000, 0x00000000, 0x00000000,
  0x00000000, 0x00000000, 0x00000000, 0x00000000, 0x00000000, 0x00000000, 0x00000000, 0x00000000,
  0x00000000, 0x00000000, 0x00000000, 0x00000000, 0x00000000, 0x00000000, 0x00000000, 0x00000000,
  0x00000000, 0x00000000, 0x00000000, 0x00000000, 0x00000000, 0x00000000, 0x00000000, 0x00000000,
  0x00000000, 0x00000000, 0x00000000, 0x00000000, 0x00000000, 0x00000000, 0x00000000, 0x00000000,
  0x00000000, 0x00000000, 0x00000000, 0x00000000, 0x00000000, 0x00000000, 0x00000000, 0x00000000,
  0x00000000, 0x00000000, 0x00000000, 0x00000000, 0x00000000, 0x00000000, 0x00000000, 0x00000000,
  0x00000000, 0x00000000, 0x00000000, 0x00000000, 0x00000000, 0x00000000, 0x00000000, 0x00000000,
  0x00000000, 0x00000000, 0x00000000, 0x00000000, 0x00000000, 0x00000000, 0x00000000, 0x00000000,
  0x00000000, 0x00000000, 0x00000000, 0x00000000, 0x00000000, 0x00000000, 0x00000000, 0x00000000,
  0x00000000, 0x00000000, 0x00000000, 0x00000000, 0x00000000, 0x00000000, 0x00000000, 0x00000000,
  0x00000000, 0x00000000, 0x00000000, 0x00000000, 0x00000000, 0x00000000, 0x00000000, 0x00000000,
  0x00000000, 0x00000000, 0x00000000, 0x00000000, 0x00000000, 0x00000000, 0x00000000, 0x00000000,
  0x00000000, 0x00000000, 0x00000000, 0x00000000, 0x00000000, 0x00000000, 0x00000000, 0x00000000,
  0x00000000, 0x00000000, 0x00000000, 0x00000000, 0x00000000, 0x00000000, 0x00000000, 0x00000000,
  0x00000000, 0x00000000, 0x00000000, 0x00000000, 0x00000000, 0x00000000, 0x00000000, 0x00000000,
  0x00000000, 0x00000000, 0x00000000, 0x00000000, 0x00000000, 0x00000000, 0x00000000, 0x00000000,
  0x00000000, 0x00000000, 0x00000000, 0x00000000, 0x00000000, 0x00000000, 0x00000000, 0x00000000,
  0x00000000, 0x00000000, 0x00000000, 0x00000000, 0x00000000, 0x00000000, 0x00000000, 0x00000000,
  0x00000000, 0x00000000, 0x00000000, 0x00000000, 0x00000000, 0x00000000, 0x00000000, 0x00000000,
  0x00000000, 0x00000000, 0x00000000, 0x00000000, 0x00000000, 0x00000000, 0x00000000, 0x00000000,
  0x00000000, 0x00000000, 0x00000000, 0x00000000, 0x00000000, 0x00000000, 0x00000000, 0x00000000,
  0x00000000, 0x00000000, 0x00000000, 0x00000000, 0x00000000, 0x00000000, 0x00000000, 0x00000000,
  0x00000000, 0x00000000, 0x00000000, 0x00000000, 0x00000000, 0x00000000, 0x00000000, 0x00000000,
  0x00000000, 0x00000000, 0x00000000, 0x00000000, 0x00000000, 0x00000000, 0x00000000, 0x00000000,
  0x00000000, 0x00000000, 0x00000000, 0x00000000, 0x00000000, 0x00000000, 0x00000000, 0x00000000,
  0x00000000, 0x00000000, 0x00000000, 0x00000000, 0x00000000, 0x00000000, 0x00000000, 0x00000000,
  0x00000000, 0x00000000, 0x00000000, 0x00000000, 0x00000000, 0x00000000, 0x00000000, 0x00000000,
  0x00000000, 0x00000000, 0x00000000, 0x00000000, 0x00000000, 0x00000000, 0x00000000, 0x00000000,
  0x00000000, 0x00000000, 0x00000000, 0x00000000, 0x00000000, 0x00000000, 0x00000000, 0x00000000,
  0x00000000, 0x00000000, 0x00000000, 0x00000000, 0x00000000, 0x00000000, 0x00000000, 0x00000000,
  0x00000000, 0x00000000, 0x00000000, 0x00000000, 0x00000000, 0x00000000, 0x00000000, 0x00000000,
  0x00000000, 0x00000000, 0x00000000, 0x00000000, 0x00000000, 0x00000000, 0x00000000, 0x00000000,
  0x00000000, 0x00000000, 0x00000000, 0x00000000, 0x00000000, 0x00000000, 0x00000000, 0x00000000,
  0x00000000, 0x00000000, 0x00000000, 0x00000000, 0x00000000, 0x00000000, 0x00000000, 0x00000000,
  0x00000000, 0x00000000, 0x00000000, 0x00000000, 0x00000000, 0x00000000, 0x00000000, 0x00000000,
  0x00000000, 0x00000000, 0x00000000, 0x00000000, 0x00000000, 0x00000000, 0x00000000, 0x00000000,
  0x00000000, 0x00000000, 0x00000000, 0x00000000, 0x00000000, 0x00000000, 0x00000000, 0x01000000,
  0x02000000, 0x03000000, 0x043F0000, 0x043F3F3F, 0x043F3F3F, 0x043F3F3F, 0x043F3F3F, 0x043F3F3F,
  0x043F3F3F, 0x043F3F3F, 0x043F3F3F, 0x043F3F3F, 0x043F3F3F, 0x043F3F3F, 0x043F3F3F, 0x043F3F3F,
  0x043F3F3F, 0x043F3F3F, 0x043F3F3F, 0x043F3F3F, 0x043F3F3F, 0x043F3F3F, 0x043F3F3F, 0x043F3F3F,
  0x043F3F3F, 0x043F3F3F, 0x043F3F3F, 0x043F3F3F, 0x043F3F3F, 0x043F3F3F, 0x043F3F3F, 0x043F3F3F,
  0x043F3F3F, 0x043F3F3F, 0x043F3F3F, 0x043F3F3F, 0x043F3F3F, 0x043F3F3F, 0x043F3F3F, 0x043F3F3F,
  0x043F3F3F, 0x043F3F3F, 0x043F3F3F, 0x043F3F3F, 0x043F3F3F, 0x043F3F3F, 0x043F3F3F, 0x043F3F3F,
  0x043F3F3F, 0x043F3F3F, 0x043F3F3F, 0x043F3F3F, 0x043F3F3F, 0x043F3F3F, 0x043F3F3F, 0x043F3F3F,
  0x043F3F3F, 0x043F3F3F, 0x043F3F3F, 0x043F3F3F, 0x043F3F3F, 0x043F3F3F, 0x043F3F3F, 0x043F3F3F,
  0x043F3F3F, 0x043F3F3F, 0x043F3F3F, 0x043F3F3F, 0x043F3F3F, 0x043F3F3F, 0x043F3F3F, 0x043F3F3F,
  0x043F3F3F, 0x043F3F3F, 0x043F3F3F, 0x043F3F3F, 0x043F3F3F, 0x043F3F3F, 0x043F3F3F, 0x043F3F3F,
  0x043F3F3F, 0x043F3F3F, 0x043F3F3F, 0x043F3F3F, 0x043F3F3F, 0x043F3F3F, 0x043F3F3F, 0x043F3F3F,
  0x043F3F3F, 0x043F3F3F, 0x043F3F3F, 0x043F3F3F, 0x043F3F3F, 0x043F3F3F, 0x043F3F3F, 0x043F3F3F,
  0x043F3F3F, 0x043F3F3F, 0x043F3F3F, 0x043F3F3F, 0x043F3F3F, 0x043F3F3F, 0x043F3F3F, 0x043F3F3F,
  0x043F3F3F, 0x047F7F7F, 0x047F7F7F, 0x047F7F7F, 0x047F7F7F, 0x047F7F7F, 0x047F7F7F, 0x047F7F7F,
  0x047F7F7F, 0x047F7F7F, 0x047F7F7F, 0x047F7F7F, 0x047F7F7F, 0x047F7F7F, 0x047F7F7F, 0x047F7F7F,
  0x047F7F7F, 0x043F3F3F, 0x043F3F3F, 0x043F3F3F, 0x043F3F3F, 0x043F3F3F, 0x043F3F3F, 0x043F3F3F,
  0x043F3F3F, 0x043F3F3F, 0x043F3F3F, 0x043F3F3F, 0x043F3F3F, 0x043F3F3F, 0x043F3F3F, 0x043F3F3F,
  0x043F3F3F, 0x043F3F3F, 0x043F3F3F, 0x043F3F3F, 0x043F3F3F, 0x043F3F3F, 0x043F3F3F, 0x043F3F3F,
  0x043F3F3F, 0x043F3F3F, 0x043F3F3F, 0x043F3F3F, 0x043F3F3F, 0x043F3F3F, 0x043F3F3F, 0x043F3F3F,
  0x043F3F3F, 0x043F3F3F, 0x043F3F3F, 0x043F3F3F, 0x043F3F3F, 0x043F3F3F, 0x043F3F3F, 0x043F3F3F,
  0x043F3F3F, 0x043F3F3F, 0x043F3F3F, 0x043F3F3F, 0x043F3F3F, 0x043F3F3F, 0x043F3F3F, 0x043F3F3F,
  0x043F3F3F, 0x043F3F3F, 0x043F3F3F, 0x043F3F3F, 0x043F3F3F, 0x043F3F3F, 0x043F3F3F, 0x043F3F3F,
  0x043F3F3F, 0x043F3F3F, 0x043F3F3F, 0x043F3F3F, 0x043F3F3F, 0x043F3F3F, 0x043F3F3F, 0x043F3F3F,
  0x043F3F3F, 0x043F3F3F, 0x043F3F3F, 0x043F3F3F, 0x043F3F3F, 0x043F3F3F, 0x043F3F3F, 0x043F3F3F,
  0x043F3F3F, 0x043F3F3F, 0x043F3F3F, 0x043F3F3F, 0x043F3F3F, 0x043F3F3F, 0x043F3F3F, 0x043F3F3F,
  0x043F3F3F, 0x043F3F3F, 0x043F3F3F, 0x043F3F3F, 0x043F3F3F, 0x043F3F3F, 0x043F3F3F, 0x043F3F3F,
  0x043F3F3F, 0x043F3F3F, 0x043F3F3F, 0x043F3F3F, 0x043F3F3F, 0x043F3F3F, 0x043F3F3F, 0x043F3F3F,
  0x043F3F3F, 0x043F3F3F, 0x043F3F3F, 0x043F3F3F, 0x043F3F3F, 0x04000000, 0x03000000, 0x02000000,
  0x00000000, 0x00000000, 0x00000000, 0x00000000, 0x00000000, 0x00000000, 0x00000000, 0x00000000,
  0x00000000, 0x00000000, 0x00000000, 0x00000000, 0x00000000, 0x00000000, 0x00000000, 0x00000000,
  0x00000000, 0x00000000, 0x00000000, 0x00000000, 0x00000000, 0x00000000, 0x00000000, 0x00000000,
  0x00000000, 0x00000000, 0x00000000, 0x00000000, 0x00000000, 0x02000000, 0x03555555, 0x00000000,
  0x00020202, 0x00010101, 0x00000000, 0x00000000, 0x00000000, 0x00000000, 0x00000000, 0x00000000,
  0x00000000, 0x00000000, 0x00000000, 0x00000000, 0x00000000, 0x00000000, 0x00000000, 0x00000000,
  0x00000000, 0x00000000, 0x00000000, 0x00000000, 0x00000000, 0x00000000, 0x00000000, 0x00000000,
  0x00000000, 0x00000000, 0x00000000, 0x00000000, 0x00000000, 0x00000000, 0x00000000, 0x00000000,
  0x00000000, 0x00000000, 0x00000000, 0x00000000, 0x00000000, 0x00000000, 0x00000000, 0x00000000,
  0x00000000, 0x00000000, 0x00000000, 0x00000000, 0x00000000, 0x00000000, 0x00000000, 0x00000000,
  0x00000000, 0x00000000, 0x00000000, 0x00000000, 0x00000000, 0x00000000, 0x00000000, 0x00000000,
  0x00000000, 0x00000000, 0x00000000, 0x00000000, 0x00000000, 0x00000000, 0x00000000, 0x00000000,
  0x00000000, 0x00000000, 0x00000000, 0x00000000, 0x00000000, 0x00000000, 0x00000000, 0x00000000,
  0x00000000, 0x00000000, 0x00000000, 0x00000000, 0x00000000, 0x00000000, 0x00000000, 0x00000000,
  0x00000000, 0x00000000, 0x00000000, 0x00000000, 0x00000000, 0x00000000, 0x00000000, 0x00000000,
  0x00000000, 0x00000000, 0x00000000, 0x00000000, 0x00000000, 0x00000000, 0x00000000, 0x00000000,
  0x00000000, 0x00000000, 0x00000000, 0x00000000, 0x00000000, 0x00000000, 0x00000000, 0x00000000,
  0x00000000, 0x00000000, 0x00000000, 0x00000000, 0x00000000, 0x00000000, 0x00000000, 0x00000000,
  0x00000000, 0x00000000, 0x00000000, 0x00000000, 0x00000000, 0x00000000, 0x00000000, 0x00000000,
  0x00000000, 0x00000000, 0x00000000, 0x00000000, 0x00000000, 0x00000000, 0x00000000, 0x00000000,
  0x00000000, 0x00000000, 0x00000000, 0x00000000, 0x00000000, 0x00000000, 0x00000000, 0x00000000,
  0x00000000, 0x00000000, 0x00000000, 0x00000000, 0x00000000, 0x00000000, 0x00000000, 0x00000000,
  0x00000000, 0x00000000, 0x00000000, 0x00000000, 0x00000000, 0x00000000, 0x00000000, 0x00000000,
  0x00000000, 0x00000000, 0x00000000, 0x00000000, 0x00000000, 0x00000000, 0x00000000, 0x00000000,
  0x00000000, 0x00000000, 0x00000000, 0x00000000, 0x00000000, 0x00000000, 0x00000000, 0x00000000,
  0x00000000, 0x00000000, 0x00000000, 0x00000000, 0x00000000, 0x00000000, 0x00000000, 0x00000000,
  0x00000000, 0x00000000, 0x00000000, 0x00000000, 0x00000000, 0x00000000, 0x00000000, 0x00000000,
  0x00000000, 0x00000000, 0x00000000, 0x00000000, 0x00000000, 0x00000000, 0x00000000, 0x00000000,
  0x00000000, 0x00000000, 0x00000000, 0x00000000, 0x00000000, 0x00000000, 0x00000000, 0x00000000,
  0x00000000, 0x00000000, 0x00000000, 0x00000000, 0x00000000, 0x00000000, 0x00000000, 0x00000000,
  0x00000000, 0x00000000, 0x00000000, 0x00000000, 0x00000000, 0x00000000, 0x00000000, 0x00000000,
  0x00000000, 0x00000000, 0x00000000, 0x00000000, 0x00000000, 0x00000000, 0x00010101, 0x00020202,
  0x00000000, 0x04000000, 0x01000000, 0x00000000, 0x00000000, 0x00000000, 0x00000000, 0x00000000,
  0x00000000, 0x00000000, 0x00000000, 0x00000000, 0x00000000, 0x00000000, 0x00000000, 0x00000000,
  0x00000000, 0x00000000, 0x00000000, 0x00000000, 0x00000000, 0x00000000, 0x00000000, 0x00000000,
  0x00000000, 0x00000000, 0x00000000, 0x00000000, 0x03555555, 0x00000000, 0x00000000, 0x05000000,
  0x29000000, 0x49000000, 0x5C181818, 0x642B2B2B, 0x752B2B2B, 0x7B2F2F2D, 0x7D303030, 0x80353535,
  0x83232323, 0x7F282626, 0x7A2D2B2B, 0x7A2B2B29, 0x7B292927, 0x7A292725, 0x7A292725, 0x7A272523,
  0x7A272523, 0x7B252523, 0x7B252523, 0x7A272725, 0x7B252523, 0x7A2D2D2B, 0x7B1D1A1A, 0x7E262624,
  0x7C353733, 0x7C2D2D2B, 0x7C2F2F2D, 0x7C2F2F2D, 0x7C2F312D, 0x7C31312F, 0x7C31312F, 0x7C31312F,
  0x7C31312F, 0x7D303330, 0x7C333331, 0x7C31312F, 0x7C31312F, 0x7B333331, 0x7B333331, 0x7C33332F,
  0x7C33332F, 0x7B31332F, 0x7B313331, 0x7B33332F, 0x7C31312F, 0x7C31312F, 0x7B31312F, 0x7B31312F,
  0x7C312F2D, 0x7B31312F, 0x7B33312F, 0x7B333331, 0x7C2F2F2D, 0x7B2F312F, 0x7B31312F, 0x7B31312F,
  0x7B2F2F2D, 0x7C2F2F2D, 0x7C2F2F2D, 0x7B31312F, 0x7C2F2F2D, 0x7B2F2F2D, 0x7B2F2F2D, 0x7C2F2F2B,
  0x7C2D2D2B, 0x7B2D2D2B, 0x7C2D2D2B, 0x7C2D2D2B, 0x7C2B2B29, 0x7B2D2D2B, 0x7A2D2D2B, 0x7B2B2B29,
  0x7C2D2B29, 0x7B2B2D29, 0x7C2B2B29, 0x7C2B2B29, 0x7C292927, 0x7C2B2927, 0x7C2B2927, 0x7B292925,
  0x7C292927, 0x7B2B2B29, 0x7B292927, 0x7B272725, 0x7B292727, 0x7B292927, 0x7B292927, 0x7C292927,
  0x7B292927, 0x7B2B2B29, 0x7B2B2B29, 0x7B2B2927, 0x7C292929, 0x7D2C2A2A, 0x7C2B2B29, 0x7B292B27,
  0x7B2D2D2B, 0x7B2F2F2D, 0x7B2F2F2D, 0x7B31312F, 0x7A343232, 0x7B353331, 0x7B373735, 0x7B3C3C3A,
  0x7A424240, 0x7B464644, 0x7C474747, 0x7B4C4C4A, 0x7B4E4E4C, 0x7B525250, 0x7A535553, 0x7B525250,
  0x79585856, 0x79565856, 0x7A535553, 0x7B50504E, 0x7B50504E, 0x7A4D4D4B, 0x7A494B47, 0x7A494B47,
  0x7B444442, 0x7B3E3E3C, 0x7B3C3E3A, 0x7B3C3C3A, 0x7B373733, 0x7B333331, 0x7B33332F, 0x7B31312F,
  0x7B2D2D2B, 0x7C2D2B2B, 0x7C2D2D2B, 0x7C2D2B2B, 0x7C292927, 0x7C292927, 0x7C292927, 0x7C272725,
  0x7D262624, 0x7C272725, 0x7C292927, 0x7C292927, 0x7C252522, 0x7C292927, 0x7C292927, 0x7C272725,
  0x7C292725, 0x7C292725, 0x7B272725, 0x7C272725, 0x7B272725, 0x7B292927, 0x7B292727, 0x7C272725,
  0x7C272725, 0x7C272725, 0x7B292927, 0x7C292927, 0x7B292725, 0x7B292927, 0x7C292725, 0x7C252522,
  0x7C272725, 0x7B292927, 0x7C292727, 0x7C272725, 0x7C272727, 0x7C272927, 0x7C292925, 0x7C272927,
  0x7C292725, 0x7B272725, 0x7C272725, 0x7C272725, 0x7B272725, 0x7C292725, 0x7C272725, 0x7C272725,
  0x7C272725, 0x7C272725, 0x7B292927, 0x7B292927, 0x7B292725, 0x7B292725, 0x7C292927, 0x7C292927,
  0x7C292927, 0x7C292927, 0x7C292927, 0x7C292725, 0x7C272725, 0x7C292927, 0x7C292925, 0x7B292925,
  0x7D262624, 0x7C272725, 0x7B272725, 0x7C272725, 0x7B272725, 0x7C292725, 0x7C272525, 0x7C2B2B29,
  0x7D242222, 0x7D181818, 0x7B2B2927, 0x7A252321, 0x7B232321, 0x7A252321, 0x7A252321, 0x7B252321,
  0x79252321, 0x7B232321, 0x7A232321, 0x78262624, 0x7B252321, 0x732A2725, 0x7B292727, 0x83262626,
  0x7C292B2B, 0x7B292929, 0x75323232, 0x69353535, 0x602D2A2D, 0x59191919, 0x40000000, 0x1C000000,
  0x00000000, 0x00000000, 0x00000000, 0x03555555, 0x00000000, 0x00000000, 0x00000000, 0x00000000,
  0x00000000, 0x00000000, 0x00000000, 0x00000000, 0x00000000, 0x00000000, 0x00000000, 0x00000000,
  0x00000000, 0x00000000, 0x00000000, 0x00000000, 0x00000000, 0x00000000, 0x00000000, 0x00000000,
  0x00000000, 0x00000000, 0x00000000, 0x027F7F7F, 0x00000000, 0x23575750, 0x8F252523, 0xD922201E,
  0xFC464545, 0xFF6D6C6C, 0xFF6E6D6B, 0xFF6C6968, 0xFF646260, 0xFF63615F, 0xFF5E5C5A, 0xFF5B5857,
  0xFF545252, 0xFF3E3D3D, 0xFF616060, 0xFF50504F, 0xFF51504E, 0xFF4F4E4D, 0xFF4D4D4B, 0xFF4D4C4A,
  0xFF4D4C4A, 0xFF4D4C4A, 0xFF4D4D4A, 0xFF4E4D4A, 0xFF4D4D4B, 0xFF51504D, 0xFF525250, 0xFF383837,
  0xFF6C6C69, 0xFF5F5F5D, 0xFF61615F, 0xFF61615F, 0xFF61615F, 0xFF626260, 0xFF626261, 0xFF626261,
  0xFF636462, 0xFF646462, 0xFF646462, 0xFF636462, 0xFF636462, 0xFF636361, 0xFF636361, 0xFF636361,
  0xFF636462, 0xFF626361, 0xFF626261, 0xFF626260, 0xFF616260, 0xFF61615F, 0xFF60605E, 0xFF5F5F5D,
  0xFF5F5E5C, 0xFF5F5E5C, 0xFF5F5F5C, 0xFF5F5F5D, 0xFF5D5D5B, 0xFF5D5D5B, 0xFF5D5D5B, 0xFF5D5D5B,
  0xFF5B5C5A, 0xFF5B5B59, 0xFF5C5C59, 0xFF5C5B59, 0xFF5A5A58, 0xFF5B5B59, 0xFF5A5A57, 0xFF595957,
  0xFF585856, 0xFF585755, 0xFF575755, 0xFF565654, 0xFF565553, 0xFF545451, 0xFF525250, 0xFF525250,
  0xFF51514F, 0xFF51504E, 0xFF4F4F4D, 0xFF4E4D4C, 0xFF4D4D4B, 0xFF4D4D4B, 0xFF4C4C49, 0xFF4A4948,
  0xFF494947, 0xFF4A4A48, 0xFF4A4947, 0xFF474745, 0xFF484745, 0xFF484846, 0xFF484846, 0xFF484745,
  0xFF494947, 0xFF4B4A48, 0xFF4A4947, 0xFF484846, 0xFF4A4A48, 0xFF4C4B49, 0xFF4C4B49, 0xFF4B4C49,
  0xFF50504D, 0xFF52514F, 0xFF535351, 0xFF575755, 0xFF5C5C5A, 0xFF636260, 0xFF696866, 0xFF71716F,
  0xFF7C7D7A, 0xFF858583, 0xFF8E8E8D, 0xFF979896, 0xFF9FA19E, 0xFFA3A5A3, 0xFFA7A8A6, 0xFFAAACAA,
  0xFFADAFAD, 0xFFA9ABAA, 0xFFA7AAA8, 0xFFA8AAA8, 0xFFA3A5A3, 0xFF9B9C9A, 0xFF949593, 0xFF90918F,
  0xFF868784, 0xFF7E7E7C, 0xFF787977, 0xFF727270, 0xFF696967, 0xFF636361, 0xFF5F5F5D, 0xFF5A5A58,
  0xFF545452, 0xFF535351, 0xFF525250, 0xFF50504E, 0xFF4C4C4A, 0xFF4C4B49, 0xFF4B4B49, 0xFF494948,
  0xFF484846, 0xFF484947, 0xFF494947, 0xFF484746, 0xFF474744, 0xFF494947, 0xFF494947, 0xFF484846,
  0xFF484746, 0xFF494846, 0xFF494947, 0xFF494847, 0xFF494846, 0xFF4A4A48, 0xFF4B4A49, 0xFF4A4A48,
  0xFF4B4A48, 0xFF4C4C4A, 0xFF4D4C4A, 0xFF4C4B49, 0xFF4C4B4A, 0xFF4D4C4A, 0xFF4D4C4A, 0xFF4C4B49,
  0xFF4D4C4A, 0xFF4D4C4A, 0xFF4D4C4A, 0xFF4C4B49, 0xFF4C4B49, 0xFF4D4C4A, 0xFF4D4C4B, 0xFF4D4C4A,
  0xFF4E4D4B, 0xFF4E4D4B, 0xFF4F4E4C, 0xFF4F4E4C, 0xFF4F4F4D, 0xFF514F4D, 0xFF504F4D, 0xFF4F4E4C,
  0xFF504F4D, 0xFF51504E, 0xFF51514F, 0xFF52514F, 0xFF52514E, 0xFF52514F, 0xFF52514F, 0xFF51514F,
  0xFF52514F, 0xFF52514F, 0xFF52514F, 0xFF52514F, 0xFF52514F, 0xFF535250, 0xFF525250, 0xFF525250,
  0xFF535250, 0xFF535250, 0xFF535351, 0xFF555452, 0xFF535351, 0xFF535351, 0xFF50504E, 0xFF5C5C59,
  0xFF383736, 0xFF4B4A49, 0xFF4D4D4B, 0xFF4A4A48, 0xFF4B4949, 0xFF4B4B49, 0xFF4B4B49, 0xFF4A4A49,
  0xFF4A4A48, 0xFF4A4A48, 0xFF4A4A49, 0xFF4B4A49, 0xFF474745, 0xFF50504E, 0xFF3B3A3A, 0xFF4F4E4F,
  0xFF4E4D4C, 0xFF494847, 0xFF4A4949, 0xFF4E4D4C, 0xFF535253, 0xFF5B5A5A, 0xFF595959, 0xF43E3E3E,
  0xC9111010, 0x7B0E0C0A, 0x1B424242, 0x00000000, 0x027F7F7F, 0x00000000, 0x00000000, 0x00000000,
  0x00000000, 0x00000000, 0x00000000, 0x00000000, 0x00000000, 0x00000000, 0x00000000, 0x00000000,
  0x00000000, 0x00000000, 0x00000000, 0x00000000, 0x00000000, 0x00000000, 0x00000000, 0x00000000,
  0x00000000, 0x00000000, 0x03555555, 0x00000000, 0x6A545151, 0xF22F2D2B, 0xFF42403F, 0xFFA0A0A1,
  0xFEB8B8B9, 0xFAB8B8B9, 0xF9ACABAC, 0xFA888586, 0xF9706E6D, 0xFA5C5A59, 0xFA4E4C4B, 0xFB4C4A4A,
  0xFA504E4E, 0xFA141313, 0xFA3F3E3E, 0xFA434343, 0xFA424241, 0xF93B3B3B, 0xFA393839, 0xFA3A3A39,
  0xFA3A3939, 0xFA3B3B3A, 0xFA3C3B3B, 0xFB3C3C3C, 0xFB373636, 0xFA343333, 0xFA4B4A4A, 0xFA252424,
  0xF9383838, 0xF9535353, 0xFA4D4D4D, 0xFA4E4E4E, 0xFA4E4D4E, 0xFA4E4E4E, 0xFA4E4D4E, 0xFA4D4D4D,
  0xFB4F4E4F, 0xFB504F4F, 0xFA4F4F4F, 0xFA4E4E4E, 0xFA4F4F4F, 0xF94F4F4F, 0xF94F4F4E, 0xFA4E4E4E,
  0xFA4F4F4F, 0xFA4E4E4E, 0xFA4E4F4E, 0xFA4E4F4F, 0xFB4E4E4E, 0xFA4F4F4F, 0xFA4F4F4E, 0xFA4E4E4E,
  0xFB4E4E4E, 0xFA4E4E4E, 0xF94E4E4E, 0xFA4F4F4E, 0xFA4E4F4E, 0xFA4E4E4E, 0xFA4E4E4E, 0xFB4F4F4E,
  0xFA4F4F4F, 0xFA4F4F4E, 0xFA4F4F4E, 0xFA4F4F4E, 0xFB4F4F4E, 0xFA4E4F4E, 0xFA4E4E4D, 0xFA4D4E4D,
  0xFB4E4F4E, 0xFA4E4E4E, 0xFA4E4E4E, 0xFA4E4E4D, 0xFA4E4E4E, 0xF94E4D4D, 0xF94D4C4C, 0xFA4D4D4C,
  0xFA4C4C4B, 0xFA4B4B4B, 0xFA4B4B4A, 0xFA4A4A4A, 0xFA4B4B4B, 0xFA4A4B4A, 0xFA4A4A49, 0xFA4A4949,
  0xFA484847, 0xFA494949, 0xFA494949, 0xFA484847, 0xFA484848, 0xFA484848, 0xFA474748, 0xFB464746,
  0xFA474747, 0xFA484848, 0xFB484848, 0xFA484848, 0xFB494848, 0xFB494948, 0xFA494948, 0xFA494949,
  0xFA494949, 0xFA4A4A4A, 0xFA4B4B4B, 0xFA4B4B4B, 0xFA4E4F4F, 0xFA50504F, 0xFA515151, 0xFA555454,
  0xFA585858, 0xFB595959, 0xFB5D5D5D, 0xFA626261, 0xFA666766, 0xFA686968, 0xFA696969, 0xFA6B6B6B,
  0xFA6D6D6D, 0xFA6C6C6C, 0xFA6C6C6C, 0xFA6C6D6C, 0xFB6A6B6B, 0xFB696969, 0xFA676767, 0xFA636463,
  0xFA5F5F5F, 0xFA5C5D5C, 0xFA595959, 0xFA545554, 0xFA515150, 0xFA4F4F4F, 0xFA4B4C4B, 0xFA474747,
  0xFA454545, 0xFA444444, 0xFA444344, 0xFA424242, 0xFA424142, 0xFA404040, 0xFA3F4040, 0xFB403E40,
  0xFA404040, 0xFA3F3F3F, 0xFA3E3E3E, 0xFA3E3E3E, 0xFA3D3C3D, 0xFA3E3E3E, 0xFA3E3D3E, 0xFA3D3C3D,
  0xFA3E3D3D, 0xF93D3D3D, 0xF93E3D3E, 0xFA3E3E3E, 0xFA3D3D3D, 0xFA3F3F3F, 0xFA403F3F, 0xFA3E3D3D,
  0xFA3D3C3D, 0xFA3F3F3F, 0xF93F3F3F, 0xFA3E3E3E, 0xFA3D3D3D, 0xF93F3E3E, 0xF93E3E3E, 0xFB3C3C3C,
  0xFA3E3E3E, 0xFA3E3D3D, 0xFA3C3C3C, 0xFB3C3B3B, 0xFA3C3C3C, 0xFA3D3C3C, 0xFB3C3B3B, 0xFB3B3A3A,
  0xFA3C3B3B, 0xF93C3C3B, 0xFA3C3C3B, 0xFB3B3B3B, 0xFA3D3D3D, 0xFB3D3C3C, 0xFB3C3B3B, 0xFB3B3B3B,
  0xFA3E3D3D, 0xFA3D3C3C, 0xFA3D3D3D, 0xFA3D3D3D, 0xFA3D3C3C, 0xFA3E3D3D, 0xFB3D3C3C, 0xFB3B3B3A,
  0xFA3E3D3D, 0xFA3F3E3F, 0xFA3F3F3F, 0xFA3F3E3E, 0xFB3C3C3C, 0xFA3E3D3E, 0xFA3E3D3E, 0xFA3D3D3D,
  0xFA3E3D3E, 0xFA3D3D3D, 0xFA3D3C3D, 0xFA3E3D3D, 0xFA3D3D3D, 0xFA3D3C3C, 0xFA414040, 0xFA333131,
  0xFA222222, 0xFB414141, 0xFB333233, 0xFA373636, 0xFB393838, 0xFA393838, 0xF9393939, 0xFA393939,
  0xFA393839, 0xFA3A393A, 0xFA3C3C3C, 0xFA3D3C3D, 0xFA383838, 0xFA3A3A3A, 0xFA171717, 0xFB3E3E3E,
  0xFA414040, 0xFA414040, 0xFA4A4949, 0xFA595859, 0xFB58585A, 0xFA757577, 0xFB8F9091, 0xFF969799,
  0xFF8D8E91, 0xFF404040, 0xED1E1D1A, 0x6A3E3C39, 0x00000000, 0x03555555, 0x00000000, 0x00000000,
  0x00000000, 0x00000000, 0x00000000, 0x00000000, 0x00000000, 0x00000000, 0x00000000, 0x00000000,
  0x00000000, 0x00000000, 0x00000000, 0x00000000, 0x00000000, 0x00000000, 0x00000000, 0x00000000,
  0x00000000, 0x03555555, 0x00000000, 0x693F3F3C, 0xFF403E3D, 0xFD2E2D2C, 0xF8A3A2A2, 0xFC9C9A9B,
  0xFCA4A4A5, 0xFCBEC0C5, 0xFD7D8082, 0xFE333332, 0xFD262628, 0xFE37383A, 0xFE3E3E40, 0xFF343539,
  0xFE37373B, 0xFE34363B, 0xFE35363B, 0xFE34353A, 0xFF2F3135, 0xFE4A4B4F, 0xFE494A4D, 0xFE48484B,
  0xFE47484A, 0xFE424345, 0xFE404143, 0xFF323234, 0xFE3B3C3C, 0xFE3F3F40, 0xFE2A2A2A, 0xFE1A1A1A,
  0xFE373736, 0xFE2F2F2E, 0xFE313131, 0xFF2F2E2E, 0xFE2E2D2D, 0xFE2D2C2C, 0xFF2C2B2B, 0xFF2D2D2D,
  0xFF2C2C2C, 0xFF2B2B2A, 0xFF2C2B2A, 0xFE2C2B2B, 0xFF2B2A2A, 0xFE2A2A29, 0xFE2B2A29, 0xFF2B2B2A,
  0xFF2B2B2A, 0xFF2A2929, 0xFE2A2928, 0xFE292928, 0xFF292828, 0xFF282727, 0xFF292827, 0xFE2A2929,
  0xFF292828, 0xFE282726, 0xFE292827, 0xFE292827, 0xFF272626, 0xFE282727, 0xFE272626, 0xFF262625,
  0xFF262525, 0xFE262625, 0xFE262625, 0xFE252424, 0xFF252525, 0xFF262525, 0xFE262525, 0xFE262524,
  0xFF252424, 0xFE262525, 0xFE252424, 0xFE242423, 0xFF252424, 0xFD252524, 0xFD252424, 0xFF252424,
  0xFF252524, 0xFE252525, 0xFE252524, 0xFE242322, 0xFF242323, 0xFE252424, 0xFE252424, 0xFF242323,
  0xFF242323, 0xFE252424, 0xFF242424, 0xFF242323, 0xFE242423, 0xFE242323, 0xFE232322, 0xFF232222,
  0xFE242423, 0xFF242424, 0xFF242323, 0xFE232222, 0xFF242424, 0xFF252424, 0xFE252424, 0xFE232323,
  0xFF242323, 0xFE232222, 0xFF232322, 0xFF232222, 0xFE232221, 0xFF222121, 0xFF232221, 0xFE222121,
  0xFE222121, 0xFF212121, 0xFF201F1F, 0xFE201F1E, 0xFF212020, 0xFF201F1F, 0xFF201F1F, 0xFF212020,
  0xFE1F1E1D, 0xFF201F1F, 0xFF201F1E, 0xFF201F1E, 0xFF1F1E1D, 0xFF1E1E1E, 0xFE201F1F, 0xFE212020,
  0xFF212020, 0xFE222121, 0xFF222221, 0xFE212121, 0xFF242322, 0xFF232322, 0xFE222221, 0xFE222221,
  0xFF201F1F, 0xFE222121, 0xFE222221, 0xFE222221, 0xFF232221, 0xFE222121, 0xFE232222, 0xFF242323,
  0xFF232222, 0xFE232222, 0xFF222221, 0xFF201F1F, 0xFF212020, 0xFE222121, 0xFE222221, 0xFE212020,
  0xFE1F1F1E, 0xFE222120, 0xFE232221, 0xFF212120, 0xFE212020, 0xFE21201F, 0xFF212120, 0xFF222120,
  0xFF232221, 0xFE232222, 0xFE222121, 0xFE212020, 0xFE232222, 0xFE232222, 0xFE232221, 0xFF222121,
  0xFE1F1F1E, 0xFE212020, 0xFF222121, 0xFF222121, 0xFE222121, 0xFF1F1E1E, 0xFF201F1F, 0xFF232221,
  0xFF232222, 0xFE242322, 0xFF222221, 0xFF1F1F1E, 0xFF232222, 0xFF232221, 0xFF222121, 0xFF212020,
  0xFF212020, 0xFE222121, 0xFE232221, 0xFF222120, 0xFE232221, 0xFE212020, 0xFF212120, 0xFF232221,
  0xFE222221, 0xFF232222, 0xFF222221, 0xFF232222, 0xFF252323, 0xFE242323, 0xFE242424, 0xFF262525,
  0xFF242423, 0xFE262525, 0xFE262525, 0xFF272626, 0xFE262626, 0xFF272726, 0xFE282827, 0xFF2B2B2A,
  0xFF181717, 0xFE1F1F1F, 0xFE373839, 0xFE2D2D2E, 0xFF323234, 0xFE414143, 0xFD444445, 0xFE434345,
  0xFE444447, 0xFE414345, 0xFD393B3E, 0xFE303135, 0xFE37383B, 0xFE353739, 0xFE2D2E33, 0xFF2E2F33,
  0xFF303135, 0xFE38393D, 0xFD343539, 0xFE2D2E31, 0xFE373738, 0xFD707174, 0xFDA0A2A8, 0xFD97999E,
  0xFC85868A, 0xFA8A8B8E, 0xFF292828, 0xFF2A2827, 0x75474747, 0x00000000, 0x03555555, 0x00000000,
  0x00000000, 0x00000000, 0x00000000, 0x00000000, 0x00000000, 0x00000000, 0x00000000, 0x00000000,
  0x00000000, 0x00000000, 0x00000000, 0x00000000, 0x00000000, 0x00000000, 0x00000000, 0x00000000,
  0x02000000, 0x01FFFFFF, 0x26141414, 0xF84A4947, 0xFC0F0D0B, 0xFA6C6967, 0xFD908D8B, 0xFE75726F,
  0xFD868485, 0xFC5F5F63, 0xFD00000E, 0xFE131234, 0xFD0D0B29, 0xFE232236, 0xFE5E606E, 0xFF64697A,
  0xFE606474, 0xFD5C6070, 0xFE595D6D, 0xFE525665, 0xFE4B515E, 0xFD64666B, 0xFE646567, 0xFE5F6163,
  0xFE646667, 0xFE696B6D, 0xFE545658, 0xFE666767, 0xFE8F9190, 0xFE737474, 0xFE404140, 0xFE828281,
  0xFD878886, 0xFE858684, 0xFE373737, 0xFE767574, 0xFE878785, 0xFE7F7F7D, 0xFE82817F, 0xFE727271,
  0xFF303030, 0xFF7C7C7A, 0xFE767673, 0xFE777673, 0xFE80807D, 0xFD343332, 0xFE585856, 0xFE7D7D7A,
  0xFE72726F, 0xFE7C7C79, 0xFE4D4D4B, 0xFE383736, 0xFE767572, 0xFE686764, 0xFE696965, 0xFE676663,
  0xFF252423, 0xFE5F5D5B, 0xFD666561, 0xFE605F5C, 0xFE676663, 0xFE343433, 0xFE3E3D3C, 0xFE61605C,
  0xFF545450, 0xFE585854, 0xFE42413E, 0xFE242422, 0xFF5A5955, 0xFE51504D, 0xFD52514C, 0xFE4D4C49,
  0xFF1E1E1D, 0xFE4E4D49, 0xFE4B4A45, 0xFE474742, 0xFE4C4B46, 0xFD20201E, 0xFD3C3B38, 0xFE4A4944,
  0xFE43423D, 0xFE484843, 0xFE2A2A28, 0xFE2B2A28, 0xFF45453F, 0xFE3D3C37, 0xFE3E3E38, 0xFE353430,
  0xFF1E1D1C, 0xFE403F3A, 0xFE383732, 0xFF363630, 0xFE3B3B35, 0xFE1D1C1B, 0xFE34332F, 0xFF3A3933,
  0xFE363630, 0xFE3C3C36, 0xFF252421, 0xFE262523, 0xFF3E3D37, 0xFF363530, 0xFE393833, 0xFE2E2E2A,
  0xFE1C1C1B, 0xFE3C3B36, 0xFE33332E, 0xFE33332D, 0xFE363530, 0xFF1A1A19, 0xFF353430, 0xFF363530,
  0xFF34342F, 0xFF393933, 0xFF22211F, 0xFE262523, 0xFF3D3C36, 0xFF35342F, 0xFF373631, 0xFF31302C,
  0xFF191918, 0xFE3C3B36, 0xFF34332E, 0xFF35342E, 0xFF373631, 0xFF171716, 0xFE2D2C29, 0xFE373630,
  0xFF32312B, 0xFE35352F, 0xFE252522, 0xFE20201E, 0xFF3A3933, 0xFE31302B, 0xFE33322C, 0xFE2E2D28,
  0xFF151414, 0xFE353430, 0xFE302F2A, 0xFE31302B, 0xFE33322D, 0xFF181816, 0xFE2D2C2A, 0xFF35342F,
  0xFE31302B, 0xFE35352F, 0xFE22221E, 0xFF1E1D1B, 0xFF393832, 0xFE31302B, 0xFE33322D, 0xFE2F2E2A,
  0xFE141413, 0xFE363430, 0xFE32312C, 0xFF30302A, 0xFE34342E, 0xFE191916, 0xFE2D2C29, 0xFF373631,
  0xFF34332E, 0xFE383732, 0xFE2A2925, 0xFE1E1D1C, 0xFE3E3D38, 0xFE36342F, 0xFE36352F, 0xFF35352F,
  0xFE1A1A18, 0xFE383633, 0xFF363530, 0xFF33322D, 0xFE3A3833, 0xFF1B1A18, 0xFF2F2D2B, 0xFE41403A,
  0xFF3A3934, 0xFE3C3B36, 0xFE2F2D2A, 0xFF1E1D1C, 0xFE44433F, 0xFF3C3A35, 0xFF3B3A35, 0xFF3A3934,
  0xFF191816, 0xFE413F3C, 0xFE42413C, 0xFF3E3D39, 0xFE43413C, 0xFF232220, 0xFF32302E, 0xFF4A4944,
  0xFE43423D, 0xFE454440, 0xFF3B3A37, 0xFE252523, 0xFF514F4C, 0xFF4C4B47, 0xFE4D4C48, 0xFE51504C,
  0xFE2A2928, 0xFE464543, 0xFE555450, 0xFE51504D, 0xFE555451, 0xFF3A3938, 0xFE3A3939, 0xFE5A5957,
  0xFF535352, 0xFF333232, 0xFE515252, 0xFE686969, 0xFF4F4F51, 0xFD454648, 0xFD525354, 0xFE4F5051,
  0xFE515254, 0xFE515254, 0xFD474A53, 0xFE4B5060, 0xFE545768, 0xFD585C6B, 0xFE565A6A, 0xFF585C6D,
  0xFE5B6172, 0xFD55596D, 0xFD28283A, 0xFD0F0F24, 0xFE0D0E26, 0xFD020212, 0xFD61636B, 0xFE67666A,
  0xFE4D4A49, 0xFE4E4B4B, 0xFB535150, 0xFB020101, 0xFF434242, 0x332D2D2D, 0x00000000, 0x03000000,
  0x00000000, 0x00000000, 0x00000000, 0x00000000, 0x00000000, 0x00000000, 0x00000000, 0x00000000,
  0x00000000, 0x00000000, 0x00000000, 0x00000000, 0x00000000, 0x00000000, 0x00000000, 0x00000000,
  0x043F3F3F, 0x00000000, 0x962C2D2C, 0xFF3F3E3E, 0xF90D0B09, 0xFD979696, 0xFCB0B0B1, 0xFE989698,
  0xFD919093, 0xFC2F2F3C, 0xFD04036B, 0xFE020075, 0xFE0B1296, 0xFE070869, 0xFE040231, 0xFF3C3E60,
  0xFE525568, 0xFE525461, 0xFE54565F, 0xFE575960, 0xFE5A5B60, 0xFD555659, 0xFD595A5D, 0xFE686A6C,
  0xFE6E6F70, 0xFE6E6F71, 0xFE6C6C6D, 0xFE808181, 0xFE6D6E6D, 0xFE333332, 0xFE7A7979, 0xFF7D7D7C,
  0xFE747473, 0xFE737372, 0xFE5A5A59, 0xFE706F6D, 0xFE727270, 0xFE6F6F6D, 0xFE6F6F6D, 0xFE696966,
  0xFF525150, 0xFF6B6A67, 0xFE686865, 0xFE696865, 0xFE6A6A66, 0xFD504F4E, 0xFD5D5C5A, 0xFE676663,
  0xFF646360, 0xFE656462, 0xFE545452, 0xFE4D4D4A, 0xFE61605D, 0xFE5C5B58, 0xFE5B5A57, 0xFE585854,
  0xFF403F3D, 0xFE565552, 0xFD565551, 0xFE53524F, 0xFF545350, 0xFE41413F, 0xFE474644, 0xFF4F4F4B,
  0xFF4A4A46, 0xFE4A4A46, 0xFE434340, 0xFE3C3B39, 0xFE4A4945, 0xFE454541, 0xFE464642, 0xFE464541,
  0xFF373735, 0xFE444340, 0xFE42413D, 0xFE41403C, 0xFE413F3B, 0xFD373634, 0xFD3E3D3A, 0xFE3D3C38,
  0xFE3D3C37, 0xFE3E3D38, 0xFE363532, 0xFE383734, 0xFE3B3B36, 0xFE393934, 0xFE3A3834, 0xFE353530,
  0xFE2E2D2B, 0xFE393834, 0xFE363530, 0xFF353430, 0xFE363530, 0xFE30302D, 0xFE373632, 0xFF35342F,
  0xFE34342F, 0xFF363530, 0xFE30302C, 0xFE363432, 0xFF373731, 0xFF34332E, 0xFE35342F, 0xFE32312D,
  0xFE2E2D2B, 0xFE353430, 0xFE31312C, 0xFE31312C, 0xFE33322D, 0xFF2D2C29, 0xFE34332F, 0xFF32312C,
  0xFE32312C, 0xFF32312D, 0xFF302F2C, 0xFE353432, 0xFF34332E, 0xFF32312D, 0xFF32312D, 0xFF302F2B,
  0xFE2D2D2A, 0xFF353430, 0xFF31302C, 0xFE32302B, 0xFF32312C, 0xFF2B2A27, 0xFE32322E, 0xFF31302A,
  0xFF312F2A, 0xFE31302B, 0xFE2D2D29, 0xFE32312E, 0xFE34322E, 0xFE302F2A, 0xFE312F2B, 0xFE2F2E29,
  0xFE302F2D, 0xFE34332F, 0xFE2F2E29, 0xFE2F2E29, 0xFE302F2A, 0xFE2B2A27, 0xFE31302D, 0xFF302F2A,
  0xFF2F2F2A, 0xFE31302B, 0xFE2B2A26, 0xFF302F2D, 0xFE33322E, 0xFE302F2A, 0xFE302F2B, 0xFE2F2E2A,
  0xFE2C2B28, 0xFE34332F, 0xFE31302B, 0xFF2F2E29, 0xFE32312C, 0xFE2E2E2A, 0xFE343330, 0xFF33322D,
  0xFE34322D, 0xFE33322D, 0xFD32312C, 0xFE343431, 0xFE363530, 0xFD34332E, 0xFE34332E, 0xFF32312C,
  0xFE2F2F2C, 0xFE383632, 0xFF32312C, 0xFF32312C, 0xFE33322D, 0xFF31302C, 0xFF383734, 0xFF363530,
  0xFF363531, 0xFE363531, 0xFE33322E, 0xFF33322F, 0xFE3C3C37, 0xFF393733, 0xFF383732, 0xFF373631,
  0xFF32322E, 0xFE3D3C38, 0xFE3C3B37, 0xFF3D3C37, 0xFE3D3C38, 0xFE383834, 0xFF3C3B39, 0xFF41403D,
  0xFE403F3B, 0xFE413F3B, 0xFF403F3B, 0xFE3A3A37, 0xFF484743, 0xFE464542, 0xFE474743, 0xFE4A4946,
  0xFF41403E, 0xFD484845, 0xFE4D4C49, 0xFE4A4A47, 0xFE4D4C49, 0xFE464644, 0xFE474746, 0xFE51504F,
  0xFF50504F, 0xFE535353, 0xFE303030, 0xFE4B4C4C, 0xFF646465, 0xFD565658, 0xFD535456, 0xFE5C5D60,
  0xFE696A6D, 0xFE616266, 0xFE5C5E63, 0xFE5E6067, 0xFE555860, 0xFD565862, 0xFD535664, 0xFF505567,
  0xFE494F6C, 0xFD080938, 0xFD000053, 0xFE040884, 0xFE000075, 0xFE00005E, 0xFD373847, 0xFE79787C,
  0xFE5A5554, 0xFE5F5C5B, 0xFE656464, 0xFA0F0E0D, 0xFF272726, 0xA3464644, 0x00000000, 0x035555AA,
  0x00000000, 0x00000000, 0x00000000, 0x00000000, 0x00000000, 0x00000000, 0x00000000, 0x00000000,
  0x00000000, 0x00000000, 0x00000000, 0x00000000, 0x00000000, 0x00000000, 0x00000000, 0x01000000,
  0x00020202, 0x06000000, 0xDC3F3F3E, 0xFE2B2A29, 0xFC1A1816, 0xFCAEB1B8, 0xFDC4C8D2, 0xFEC5CAD5,
  0xFDAEB2BA, 0xFC171646, 0xFE00009E, 0xFE16179F, 0xFE7D9DFF, 0xFE1D27B2, 0xFE050360, 0xFF404682,
  0xFF444968, 0xFE44475C, 0xFE474B5A, 0xFF4B4E58, 0xFF4E5056, 0xFE595B5E, 0xFD595B5D, 0xFE39393A,
  0xFE2F2F30, 0xFE292929, 0xFE252425, 0xFF242424, 0xFF1A1919, 0xFE1C1C1C, 0xFE252524, 0xFF1E1E1E,
  0xFE201F1F, 0xFE1E1E1D, 0xFF232222, 0xFF1F1E1E, 0xFE1D1D1D, 0xFF1D1D1D, 0xFF1D1C1D, 0xFF1E1D1D,
  0xFF222221, 0xFF1C1B1B, 0xFF1C1C1C, 0xFE1D1D1D, 0xFF1C1B1B, 0xFE212020, 0xFE1E1D1D, 0xFF1B1B1B,
  0xFF1C1C1C, 0xFF1A1A1A, 0xFF1C1C1C, 0xFE1F1F1E, 0xFF1A1A1A, 0xFF1A1A1A, 0xFE1A1919, 0xFE1A1A1A,
  0xFF1E1D1D, 0xFE191818, 0xFE191818, 0xFF191918, 0xFF181818, 0xFF1B1B1B, 0xFE1A1A19, 0xFF181818,
  0xFF191818, 0xFE181717, 0xFE191818, 0xFE1B1A1A, 0xFF181717, 0xFF181717, 0xFE171717, 0xFE181717,
  0xFF1B1A1A, 0xFE171717, 0xFE171717, 0xFE171717, 0xFF171717, 0xFE1A1A19, 0xFE171717, 0xFF161615,
  0xFE171616, 0xFE161616, 0xFE181717, 0xFF181717, 0xFF161515, 0xFF171616, 0xFE161616, 0xFF171616,
  0xFF181717, 0xFE161515, 0xFE161616, 0xFF161515, 0xFE151515, 0xFE171717, 0xFE161515, 0xFF161515,
  0xFF161616, 0xFF161515, 0xFF171717, 0xFE171716, 0xFF151515, 0xFF161515, 0xFF151515, 0xFF161616,
  0xFF171717, 0xFE151515, 0xFE151515, 0xFF141414, 0xFE151515, 0xFF171616, 0xFF151414, 0xFF151515,
  0xFF151514, 0xFF151414, 0xFF161616, 0xFF161515, 0xFE151414, 0xFF141414, 0xFF151414, 0xFE161515,
  0xFF161615, 0xFF141313, 0xFF141414, 0xFF151515, 0xFF151515, 0xFF171616, 0xFF151515, 0xFF151514,
  0xFF151515, 0xFF141414, 0xFF151515, 0xFE161515, 0xFE141413, 0xFF151414, 0xFF141414, 0xFE141413,
  0xFF151514, 0xFE141413, 0xFE151414, 0xFE141414, 0xFE141313, 0xFE151515, 0xFE141413, 0xFF141413,
  0xFF141414, 0xFE141414, 0xFF151514, 0xFF151414, 0xFF131313, 0xFE141414, 0xFE141413, 0xFE141413,
  0xFF151514, 0xFE141413, 0xFE141413, 0xFF131313, 0xFE141413, 0xFE151514, 0xFF151413, 0xFF141413,
  0xFE151514, 0xFE151414, 0xFE151414, 0xFE151514, 0xFE141413, 0xFE151414, 0xFE141413, 0xFF131313,
  0xFE151414, 0xFE131312, 0xFF141313, 0xFF141313, 0xFF141413, 0xFF161515, 0xFF141413, 0xFF141414,
  0xFF161515, 0xFE151414, 0xFF161515, 0xFF171616, 0xFF151514, 0xFF161515, 0xFF151514, 0xFF141413,
  0xFF161616, 0xFE151414, 0xFE151515, 0xFF161515, 0xFE151514, 0xFF171716, 0xFF161616, 0xFF151515,
  0xFE161616, 0xFF161515, 0xFF161615, 0xFF191817, 0xFF171616, 0xFF161616, 0xFE171717, 0xFF171717,
  0xFF1A1919, 0xFE191918, 0xFE181818, 0xFF191818, 0xFF191918, 0xFE1A1A1A, 0xFF1B1B1B, 0xFF1A1A1A,
  0xFF1A1A1A, 0xFF1D1C1D, 0xFE1C1C1C, 0xFE131212, 0xFF222122, 0xFE222223, 0xFE252526, 0xFE2F2F30,
  0xFE48494B, 0xFD85878A, 0xFD94979C, 0xFE808286, 0xFE82858D, 0xFD757A88, 0xFD646B86, 0xFF59638D,
  0xFF626EA9, 0xFE13156D, 0xFE0B0F95, 0xFE5F7CFF, 0xFE1F24B5, 0xFE0000A1, 0xFD2B2C64, 0xFD9EA0A5,
  0xFE9B9CA2, 0xFEA3A5AB, 0xFD9C9CA1, 0xFD232222, 0xFF0F0D0D, 0xE7454444, 0x0E000000, 0x00010101,
  0x01000000, 0x00000000, 0x00000000, 0x00000000, 0x00000000, 0x00000000, 0x00000000, 0x00000000,
  0x00000000, 0x00000000, 0x00000000, 0x00000000, 0x00000000, 0x00000000, 0x00000000, 0x02000000,
  0x00010101, 0x24000000, 0xFB474646, 0xFF1C1A19, 0xFD23211F, 0xFC87888F, 0xFD888992, 0xFE848592,
  0xFD9699A2, 0xFD151663, 0xFE0000AD, 0xFE3538B1, 0xFEADCAFD, 0xFD171EC1, 0xFE0A0B85, 0xFF3A438E,
  0xFF363C65, 0xFE393E5B, 0xFE42465B, 0xFE4B505E, 0xFF565A64, 0xFE5D5F65, 0xFE0B0B0C, 0xFE1F1F20,
  0xFF0F0F0F, 0xFE030303, 0xFF020202, 0xFF010100, 0xFF050505, 0xFE040404, 0xFE000000, 0xFF010101,
  0xFE010101, 0xFE020202, 0xFF000001, 0xFF010101, 0xFE020102, 0xFF020202, 0xFF020102, 0xFF010101,
  0xFF010001, 0xFF010101, 0xFF020202, 0xFF020202, 0xFF020202, 0xFE010101, 0xFE010101, 0xFF020202,
  0xFF020202, 0xFF020202, 0xFF010101, 0xFE010101, 0xFF020202, 0xFF010101, 0xFE010101, 0xFE020202,
  0xFF010101, 0xFE010102, 0xFE010101, 0xFF020201, 0xFF010101, 0xFF010101, 0xFE010101, 0xFF020202,
  0xFF020202, 0xFE020102, 0xFE010101, 0xFE010101, 0xFF020202, 0xFF020202, 0xFE020202, 0xFE020202,
  0xFF010101, 0xFE020202, 0xFE020202, 0xFE020202, 0xFF020202, 0xFE010101, 0xFE020202, 0xFF020202,
  0xFF020202, 0xFE020102, 0xFE010101, 0xFF010101, 0xFF020102, 0xFE020101, 0xFE020102, 0xFE020102,
  0xFF010101, 0xFE010102, 0xFE010101, 0xFF010101, 0xFE010101, 0xFE010101, 0xFE010101, 0xFF010101,
  0xFE010101, 0xFF010101, 0xFF010101, 0xFE010101, 0xFF010101, 0xFF010101, 0xFF010101, 0xFE010101,
  0xFF010101, 0xFE010102, 0xFF010101, 0xFF010101, 0xFE010101, 0xFF010101, 0xFF010101, 0xFF010101,
  0xFE010101, 0xFF010101, 0xFF010101, 0xFE010101, 0xFF010101, 0xFF010101, 0xFF010101, 0xFE010101,
  0xFF010101, 0xFF010101, 0xFE010101, 0xFF010101, 0xFF010101, 0xFF010101, 0xFE010101, 0xFF010101,
  0xFF010101, 0xFE010101, 0xFE010101, 0xFF010101, 0xFE010101, 0xFF010101, 0xFF010101, 0xFE010101,
  0xFF010101, 0xFE010101, 0xFE010101, 0xFE010101, 0xFF010101, 0xFF010001, 0xFF010101, 0xFF010101,
  0xFE010101, 0xFE010101, 0xFF010101, 0xFF010101, 0xFF010101, 0xFE010101, 0xFE010101, 0xFE010101,
  0xFF010101, 0xFE010101, 0xFE010101, 0xFF010101, 0xFE010101, 0xFE010101, 0xFF010101, 0xFF010101,
  0xFE010101, 0xFE010101, 0xFE010101, 0xFF010101, 0xFE010101, 0xFE010101, 0xFE010101, 0xFF010101,
  0xFE010101, 0xFF010101, 0xFF010101, 0xFF010101, 0xFE010101, 0xFF010101, 0xFF010101, 0xFF010101,
  0xFF020202, 0xFE010101, 0xFF010101, 0xFF010101, 0xFE020102, 0xFF010101, 0xFF010101, 0xFF010101,
  0xFF010101, 0xFE010101, 0xFE010101, 0xFF010101, 0xFE010101, 0xFF010101, 0xFF010101, 0xFF010101,
  0xFE020202, 0xFF010101, 0xFF010101, 0xFF010101, 0xFF020202, 0xFF010102, 0xFE010202, 0xFE020202,
  0xFF010101, 0xFE010101, 0xFE020202, 0xFF020202, 0xFF020202, 0xFE020202, 0xFF010101, 0xFF020202,
  0xFF020202, 0xFF010101, 0xFE020202, 0xFE050506, 0xFF010102, 0xFE020202, 0xFE030303, 0xFE070607,
  0xFE101012, 0xFD0F0F0F, 0xFD84868B, 0xFEA2A6AE, 0xFE9FA3AB, 0xFD8D93A4, 0xFD6E789A, 0xFF556094,
  0xFF6574B2, 0xFE202596, 0xFE0E10A9, 0xFE9BBBFF, 0xFE404AD0, 0xFE0000B5, 0xFD191A6D, 0xFE979B9B,
  0xFE8F909B, 0xFD91939B, 0xFD91939B, 0xFE302F31, 0xFE040202, 0xFF504F4F, 0x31141414, 0x00000000,
  0x02000000, 0x00000000, 0x00000000, 0x00000000, 0x00000000, 0x00000000, 0x00000000, 0x00000000,
  0x00000000, 0x00000000, 0x00000000, 0x00000000, 0x00000000, 0x00000000, 0x00000000, 0x02000000,
  0x00010101, 0x30000000, 0xFF515151, 0xFE171515, 0xFE1F1E1D, 0xFD5C5D67, 0xFD585965, 0xFE484857,
  0xFD6D7076, 0xFD191A69, 0xFE0000AA, 0xFE2B30B0, 0xFE9DBDFF, 0xFD171FC0, 0xFE07097E, 0xFF313B96,
  0xFF323869, 0xFE34395F, 0xFE3A405D, 0xFF3E435A, 0xFE54596A, 0xFE52545B, 0xFE030201, 0xFE363638,
  0xFE000000, 0xFE010102, 0xFE010101, 0xFF010102, 0xFE000000, 0xFE010101, 0xFE010101, 0xFF010101,
  0xFE010101, 0xFE010101, 0xFE010101, 0xFF010101, 0xFE010101, 0xFF010101, 0xFF010101, 0xFF010101,
  0xFF010101, 0xFF010101, 0xFF010101, 0xFF010101, 0xFF010101, 0xFE010101, 0xFE010101, 0xFF010101,
  0xFF010101, 0xFF010101, 0xFE010101, 0xFE010101, 0xFF010101, 0xFF010101, 0xFF010101, 0xFE010101,
  0xFF010101, 0xFE010101, 0xFE010101, 0xFE010101, 0xFF010101, 0xFF010101, 0xFF010101, 0xFF010101,
  0xFF010101, 0xFE010101, 0xFE010101, 0xFE000000, 0xFF010101, 0xFE010101, 0xFE010101, 0xFE010101,
  0xFF010101, 0xFE010101, 0xFE010100, 0xFE000000, 0xFE000000, 0xFE000000, 0xFE000000, 0xFF000000,
  0xFF000100, 0xFE010101, 0xFE010101, 0xFF010100, 0xFE010101, 0xFE010100, 0xFE010100, 0xFF000100,
  0xFE010101, 0xFE010101, 0xFF010101, 0xFF010101, 0xFF010100, 0xFE010101, 0xFE010101, 0xFF010101,
  0xFE010101, 0xFF010101, 0xFF010101, 0xFE010101, 0xFF010101, 0xFF010101, 0xFE010101, 0xFE010101,
  0xFF010101, 0xFE010101, 0xFE010101, 0xFF010101, 0xFE010101, 0xFE010101, 0xFF010101, 0xFF010101,
  0xFE010101, 0xFF010101, 0xFF010101, 0xFF010101, 0xFF010101, 0xFF010101, 0xFF010101, 0xFE010101,
  0xFF010101, 0xFF010101, 0xFF010101, 0xFF010101, 0xFF010101, 0xFF010101, 0xFE010101, 0xFE010101,
  0xFF010101, 0xFE010101, 0xFE010101, 0xFE010101, 0xFE010101, 0xFF010101, 0xFE010101, 0xFE010101,
  0xFF010101, 0xFE010101, 0xFE010101, 0xFE010101, 0xFF010101, 0xFE010101, 0xFE010101, 0xFF010101,
  0xFE010101, 0xFE010101, 0xFF010101, 0xFF010101, 0xFF010101, 0xFE010101, 0xFE010101, 0xFE010101,
  0xFF010101, 0xFE010101, 0xFE010101, 0xFE010101, 0xFE010101, 0xFE010101, 0xFF010101, 0xFF010101,
  0xFE010101, 0xFE010101, 0xFE010101, 0xFE010101, 0xFE010100, 0xFE010101, 0xFE010101, 0xFF010101,
  0xFE010101, 0xFE010101, 0xFF010101, 0xFF010101, 0xFE010101, 0xFF010101, 0xFF010101, 0xFF010100,
  0xFF010000, 0xFE010101, 0xFE010101, 0xFF010101, 0xFE000101, 0xFF010101, 0xFF010101, 0xFF010101,
  0xFF010101, 0xFE010101, 0xFE010100, 0xFF010100, 0xFE010101, 0xFE010101, 0xFF010101, 0xFF010100,
  0xFE000000, 0xFF000100, 0xFF010100, 0xFF000000, 0xFF010100, 0xFE010100, 0xFE010100, 0xFF000000,
  0xFF010000, 0xFE010101, 0xFE000000, 0xFF000000, 0xFF000000, 0xFF000000, 0xFF010101, 0xFF010101,
  0xFF010101, 0xFF010101, 0xFE000000, 0xFE000000, 0xFF010101, 0xFE000000, 0xFE000101, 0xFE000000,
  0xFE151515, 0xFE09090B, 0xFE424345, 0xFDC2C8D3, 0xFEA8AEB9, 0xFD9AA1B3, 0xFD747EA3, 0xFF57639A,
  0xFE6474B4, 0xFE1A209C, 0xFE0F12A8, 0xFEA5C3FF, 0xFE424ED5, 0xFE0000BD, 0xFD212272, 0xFE818487,
  0xFE53535F, 0xFE53545E, 0xFE5B5B64, 0xFE2E2D2F, 0xFD070504, 0xFF555555, 0x411B1B1B, 0x00000000,
  0x03000000, 0x00000000, 0x00000000, 0x00000000, 0x00000000, 0x00000000, 0x00000000, 0x00000000,
  0x00000000, 0x00000000, 0x00000000, 0x00000000, 0x00000000, 0x00000000, 0x00000000, 0x02000000,
  0x00010101, 0x30000000, 0xFF4B4A4A, 0xFE151313, 0xFE191717, 0xFD41434E, 0xFD373A48, 0xFE2D303D,
  0xFD60626A, 0xFD262755, 0xFE00008E, 0xFF080B9D, 0xFE759EFF, 0xFE1F2AC5, 0xFE010176, 0xFF272E93,
  0xFF303664, 0xFE353A5D, 0xFF40455D, 0xFE4D5162, 0xFE545966, 0xFD696C75, 0xFD202021, 0xFE0E0E0F,
  0xFE040304, 0xFE000000, 0xFF000000, 0xFF000000, 0xFF000000, 0xFF000000, 0xFF000000, 0xFF000000,
  0xFE000000, 0xFE000000, 0xFF000000, 0xFF000000, 0xFF000000, 0xFF000000, 0xFF000000, 0xFF000000,
  0xFF000000, 0xFF000000, 0xFF000000, 0xFF000000, 0xFF000000, 0xFE000000, 0xFE000000, 0xFF000000,
  0xFF000000, 0xFF000000, 0xFF000000, 0xFF000000, 0xFF000000, 0xFF000000, 0xFF000000, 0xFE000000,
  0xFF000000, 0xFE000000, 0xFE000000, 0xFF000000, 0xFF000000, 0xFF000000, 0xFF000000, 0xFF000000,
  0xFF000000, 0xFE000000, 0xFF000000, 0xFE000000, 0xFF000000, 0xFF000000, 0xFE000000, 0xFF000000,
  0xFF000000, 0xFF000000, 0xFF000000, 0xFF000000, 0xFE000000, 0xFE000000, 0xFE000000, 0xFF000000,
  0xFF000000, 0xFE000000, 0xFE000000, 0xFF000000, 0xFF000000, 0xFE000000, 0xFE000000, 0xFF000000,
  0xFF000000, 0xFE000000, 0xFE000000, 0xFF000000, 0xFF000000, 0xFF000000, 0xFE000000, 0xFF000000,
  0xFE000000, 0xFF000000, 0xFF000000, 0xFF000000, 0xFF000000, 0xFF000000, 0xFF000000, 0xFF000000,
  0xFF000000, 0xFF000000, 0xFF000000, 0xFF000000, 0xFE000000, 0xFF000000, 0xFF000000, 0xFF000000,
  0xFF000000, 0xFF000000, 0xFF000000, 0xFF000000, 0xFF000000, 0xFF000000, 0xFF000000, 0xFF000000,
  0xFF000000, 0xFF000000, 0xFF000000, 0xFF000000, 0xFF000000, 0xFF000000, 0xFF000000, 0xFF000000,
  0xFF000000, 0xFF000000, 0xFF000000, 0xFF000000, 0xFE000000, 0xFF000000, 0xFF000000, 0xFF000000,
  0xFF000000, 0xFE000000, 0xFF000000, 0xFF000000, 0xFF000000, 0xFE000000, 0xFE000000, 0xFF000000,
  0xFF000000, 0xFE000000, 0xFF000000, 0xFF000000, 0xFF000000, 0xFE000000, 0xFE000000, 0xFF000000,
  0xFF000000, 0xFE000000, 0xFE000000, 0xFF000000, 0xFE000000, 0xFE000000, 0xFF000000, 0xFF000000,
  0xFF000000, 0xFE000000, 0xFE000000, 0xFF000000, 0xFE000000, 0xFE000000, 0xFE000000, 0xFF000000,
  0xFF000000, 0xFF000000, 0xFF000000, 0xFF000000, 0xFF000000, 0xFF000000, 0xFF000000, 0xFF000000,
  0xFF000000, 0xFE000000, 0xFF000000, 0xFF000000, 0xFF000000, 0xFF000000, 0xFF000000, 0xFF000000,
  0xFF000000, 0xFF000000, 0xFE000000, 0xFF000000, 0xFE000000, 0xFF000000, 0xFF000000, 0xFF000000,
  0xFE000000, 0xFF000000, 0xFF000000, 0xFF000000, 0xFF000000, 0xFF000000, 0xFE000000, 0xFF000000,
  0xFF000000, 0xFE000000, 0xFE000000, 0xFF000000, 0xFF000000, 0xFF000000, 0xFF000000, 0xFF000000,
  0xFF000000, 0xFF000000, 0xFF000000, 0xFF000000, 0xFF000000, 0xFE000000, 0xFE000000, 0xFF000000,
  0xFE121213, 0xFE18191A, 0xFE808389, 0xFE989BA5, 0xFE8E93A0, 0xFD8A91A4, 0xFD747DA0, 0xFF636E9B,
  0xFE606EBB, 0xFE090B90, 0xFE1B21A1, 0xFF9DC0FF, 0xFF2731BD, 0xFE0101A9, 0xFD32336C, 0xFE7D8085,
  0xFF353645, 0xFE373946, 0xFD464752, 0xFE202020, 0xFC060403, 0xFF4D4C4D, 0x43161616, 0x00000000,
  0x03000000, 0x00000000, 0x00000000, 0x00000000, 0x00000000, 0x00000000, 0x00000000, 0x00000000,
  0x00000000, 0x00000000, 0x00000000, 0x00000000, 0x00000000, 0x00000000, 0x00000000, 0x02000000,
  0x00010101, 0x2A000000, 0xFD454545, 0xFF201F1E, 0xFE060505, 0xFD5C5D62, 0xFD6C6F76, 0xFE5F636B,
  0xFD767985, 0xFC47495B, 0xFE000071, 0xFE010086, 0xFE1C39E2, 0xFE182AE0, 0xFE00005E, 0xFF16197C,
  0xFE2D3262, 0xFE333759, 0xFF3C4059, 0xFF444959, 0xFF545862, 0xFD61646C, 0xFD75777B, 0xFE5D5E60,
  0xFE4B4C4D, 0xFE464647, 0xFE454546, 0xFE424243, 0xFE2D2C2C, 0xFE464646, 0xFF3E3E3E, 0xFF3D3D3D,
  0xFE3C3C3C, 0xFE3A3A3A, 0xFE414040, 0xFF3A3A3A, 0xFE383838, 0xFF383838, 0xFF363636, 0xFF353534,
  0xFF373737, 0xFF30302F, 0xFE313130, 0xFE323231, 0xFF30302F, 0xFE333332, 0xFE302F2E, 0xFF2F2E2E,
  0xFF2D2D2D, 0xFF2B2B2B, 0xFF2D2D2C, 0xFE30302F, 0xFF2B2B2A, 0xFF2B2B2A, 0xFF2A2A29, 0xFE2A2A29,
  0xFF2D2C2B, 0xFE292928, 0xFE282827, 0xFF282827, 0xFF272725, 0xFF292928, 0xFF292927, 0xFF272626,
  0xFF272726, 0xFF262625, 0xFE272625, 0xFE2A2928, 0xFF252524, 0xFF262624, 0xFE262524, 0xFE262524,
  0xFF272726, 0xFE252524, 0xFE262524, 0xFE262624, 0xFE242423, 0xFE282826, 0xFE272726, 0xFF242322,
  0xFF252423, 0xFE252523, 0xFE272725, 0xFF292927, 0xFF252524, 0xFE272625, 0xFE272625, 0xFF252524,
  0xFF282826, 0xFF262624, 0xFF262525, 0xFF262524, 0xFF262524, 0xFE292927, 0xFE282826, 0xFF262625,
  0xFF272625, 0xFF272625, 0xFF292827, 0xFE2A2928, 0xFF272725, 0xFF272726, 0xFF272725, 0xFF262625,
  0xFF2A2A28, 0xFE272726, 0xFE272726, 0xFF282726, 0xFE272726, 0xFF2A2A28, 0xFF282826, 0xFF282726,
  0xFF292827, 0xFF272726, 0xFF282827, 0xFF292927, 0xFF262625, 0xFF272625, 0xFF262625, 0xFF272726,
  0xFE2A2928, 0xFF262625, 0xFF262625, 0xFF272726, 0xFF262625, 0xFF292927, 0xFE282826, 0xFE272625,
  0xFF272726, 0xFF262625, 0xFF272726, 0xFE2A2928, 0xFF262624, 0xFF262525, 0xFF262624, 0xFF252524,
  0xFF292826, 0xFF262524, 0xFE252524, 0xFE252524, 0xFF242423, 0xFE262625, 0xFF272625, 0xFF242423,
  0xFF252524, 0xFE242423, 0xFF252524, 0xFF282726, 0xFF242322, 0xFE252523, 0xFE252523, 0xFE242322,
  0xFF262624, 0xFE252423, 0xFE252423, 0xFF252423, 0xFE232322, 0xFF262524, 0xFF262624, 0xFF242322,
  0xFF242422, 0xFE242322, 0xFE242322, 0xFE262524, 0xFE232321, 0xFE242423, 0xFE242422, 0xFF222221,
  0xFF252524, 0xFF242322, 0xFF232322, 0xFF232322, 0xFF242322, 0xFF262524, 0xFF272625, 0xFF242423,
  0xFF252524, 0xFE252423, 0xFF252423, 0xFF272625, 0xFF242423, 0xFF252523, 0xFF252423, 0xFF242423,
  0xFF272726, 0xFE252423, 0xFE242423, 0xFF252524, 0xFE252423, 0xFE262624, 0xFF262625, 0xFF252423,
  0xFE262624, 0xFF272625, 0xFF272726, 0xFF2A2928, 0xFF272726, 0xFE282727, 0xFE272726, 0xFF272726,
  0xFF2A2A29, 0xFE282927, 0xFE282828, 0xFF2A2A29, 0xFF2B2B2B, 0xFF2D2D2D, 0xFF303030, 0xFF2E2E2D,
  0xFF2F2F2F, 0xFE313132, 0xFE353535, 0xFE282828, 0xFF393A3B, 0xFE383939, 0xFE39393A, 0xFE404042,
  0xFE545557, 0xFD7D8085, 0xFD8E9197, 0xFD8A8C92, 0xFE898D96, 0xFD858A97, 0xFD777E96, 0xFF767F9C,
  0xFF4F5AAE, 0xFE00005F, 0xFE0C15AA, 0xFE2A43FA, 0xFF0A0C97, 0xFE000078, 0xFD595B6D, 0xFE7D7F87,
  0xFE60626A, 0xFE72747A, 0xFE707077, 0xFE111010, 0xFE0C0B0A, 0xFF3D3C3C, 0x34040404, 0x00000001,
  0x02000000, 0x00000000, 0x00000000, 0x00000000, 0x00000000, 0x00000000, 0x00000000, 0x00000000,
  0x00000000, 0x00000000, 0x00000000, 0x00000000, 0x00000000, 0x00000000, 0x00000000, 0x01000000,
  0x00010101, 0x12000000, 0xED353433, 0xFF302F2F, 0xFD000000, 0xFC57585B, 0xFD565960, 0xFE33363E,
  0xFD282A33, 0xFC66686D, 0xFD05053B, 0xFE00006D, 0xFE000094, 0xFD070BC9, 0xFE000055, 0xFF252651,
  0xFE454863, 0xFE414355, 0xFE474855, 0xFE4D5059, 0xFE54565C, 0xFD5A5C61, 0xFD545559, 0xFE5F6164,
  0xFE707275, 0xFD6A6B6E, 0xFD7A7A7C, 0xFE8F9090, 0xFE636364, 0xFE565655, 0xFE8D8D8C, 0xFE7C7C7B,
  0xFE7B7B79, 0xFE767675, 0xFE464645, 0xFE6F6E6C, 0xFE6C6B68, 0xFE676764, 0xFE676663, 0xFE5A5A57,
  0xFF3D3C3A, 0xFF62615E, 0xFE5E5D59, 0xFE5C5C57, 0xFF5B5A56, 0xFD383835, 0xFD4A4946, 0xFF575652,
  0xFF504F4B, 0xFE4E4E49, 0xFE403F3C, 0xFE333330, 0xFE4B4A45, 0xFE464540, 0xFE464540, 0xFE45443F,
  0xFF282825, 0xFE3B3A34, 0xFE3D3D36, 0xFE3A3A33, 0xFF3C3B34, 0xFE2B2B27, 0xFE2D2D29, 0xFF3D3D36,
  0xFF383731, 0xFE393831, 0xFE32312B, 0xFE262522, 0xFE393831, 0xFE35352E, 0xFD36352E, 0xFE36362F,
  0xFF22221E, 0xFE35352F, 0xFE383731, 0xFE36362E, 0xFE37372F, 0xFE272722, 0xFD2B2A26, 0xFE36362E,
  0xFE33322B, 0xFE34342D, 0xFE2C2C26, 0xFE22211E, 0xFE37362F, 0xFE34342D, 0xFE35342D, 0xFE35342D,
  0xFF1F1F1C, 0xFE35342E, 0xFE36352E, 0xFE33332C, 0xFE36362E, 0xFE262621, 0xFE2D2D28, 0xFF37362F,
  0xFE33332C, 0xFE36362E, 0xFF2F2E28, 0xFE292824, 0xFE383831, 0xFF34332C, 0xFE33332C, 0xFE33332C,
  0xFE23221F, 0xFE33322C, 0xFE33322B, 0xFE33322B, 0xFE35352E, 0xFE22221E, 0xFE31312B, 0xFF36352E,
  0xFE34342C, 0xFF36352E, 0xFF282823, 0xFE262622, 0xFE383730, 0xFF32322B, 0xFF34332C, 0xFE31312A,
  0xFE21201D, 0xFE373630, 0xFE34342C, 0xFE35342D, 0xFF35352D, 0xFF252521, 0xFE2F2E29, 0xFE37372F,
  0xFF34342C, 0xFE35352D, 0xFE2F2F28, 0xFE282723, 0xFE393932, 0xFE34332C, 0xFE34332C, 0xFE34342C,
  0xFE23221F, 0xFE35342E, 0xFE35342D, 0xFE33332C, 0xFE35352D, 0xFE282823, 0xFE2C2B27, 0xFF383730,
  0xFE32322B, 0xFE33332B, 0xFE2F2F28, 0xFE23231F, 0xFF37362F, 0xFE33322B, 0xFE33322B, 0xFE33332C,
  0xFE252520, 0xFD35342F, 0xFD34342C, 0xFE33322B, 0xFE34342C, 0xFE292822, 0xFE2D2C28, 0xFF383730,
  0xFE33322B, 0xFE34332C, 0xFE303029, 0xFE262521, 0xFE373730, 0xFD33322B, 0xFE32322A, 0xFF32312A,
  0xFE252520, 0xFE35342E, 0xFF33322B, 0xFF313029, 0xFE33322B, 0xFF282722, 0xFF2B2A25, 0xFF36352E,
  0xFF33322B, 0xFE33332B, 0xFE303029, 0xFF272623, 0xFE393832, 0xFF34332C, 0xFE33322B, 0xFF33322B,
  0xFE292823, 0xFE35342F, 0xFE36352E, 0xFF34342D, 0xFE35342D, 0xFE2D2C26, 0xFE32302D, 0xFF3A3932,
  0xFE35352E, 0xFE36352F, 0xFF33332D, 0xFE282724, 0xFF3D3C37, 0xFE3B3B35, 0xFE3B3A34, 0xFE3C3C36,
  0xFF302F2B, 0xFD393934, 0xFE3F3F39, 0xFF403F3B, 0xFF43423E, 0xFE3E3E3A, 0xFE373635, 0xFE535350,
  0xFF525250, 0xFE595958, 0xFE343434, 0xFE575758, 0xFF626464, 0xFD595A5D, 0xFD616367, 0xFE5F6265,
  0xFE595B5F, 0xFD525458, 0xFD585A60, 0xFD5C5E64, 0xFE54565E, 0xFD54565F, 0xFD4B4E5B, 0xFF4B4E5D,
  0xFE303254, 0xFE000037, 0xFE03089B, 0xFE000099, 0xFE000063, 0xFD0D0D46, 0xFD6C6D6F, 0xFE26262E,
  0xFE36373C, 0xFE57595E, 0xFE4A4B4E, 0xFE000000, 0xFF1D1C1B, 0xF5353434, 0x1D000000, 0x00010101,
  0x02000000, 0x00000000, 0x00000000, 0x00000000, 0x00000000, 0x00000000, 0x00000000, 0x00000000,
  0x00000000, 0x00000000, 0x00000000, 0x00000000, 0x00000000, 0x00000000, 0x00000000, 0x00000000,
  0x02000000, 0x00000000, 0xC3181716, 0xFE464646, 0xFB000000, 0xFD222222, 0xFD323337, 0xFE101319,
  0xFE1A1D23, 0xFC4C4E57, 0xFD525460, 0xFE111243, 0xFD000042, 0xFD000037, 0xFE212147, 0xFF494C5D,
  0xFE525563, 0xFE555965, 0xFE565B67, 0xFE575C69, 0xFE565A65, 0xFD484C57, 0xFD62646B, 0xFE656669,
  0xFD6D6F73, 0xFE636468, 0xFE505052, 0xFE6E6F70, 0xFE787979, 0xFE515150, 0xFE484848, 0xFE757575,
  0xFE696968, 0xFE686866, 0xFE3D3D3B, 0xFE5B5A58, 0xFE5B5A57, 0xFE565652, 0xFE565652, 0xFE4B4B47,
  0xFF2E2D2C, 0xFF575652, 0xFE51504B, 0xFE4F4F4A, 0xFF51504B, 0xFE2B2A28, 0xFE403F3B, 0xFE4E4D47,
  0xFF474641, 0xFF464540, 0xFE353530, 0xFE272723, 0xFF46453F, 0xFE3D3C36, 0xFE3E3C36, 0xFE3E3D37,
  0xFF1D1D1A, 0xFE36352F, 0xFE393831, 0xFE36352E, 0xFF393830, 0xFE242420, 0xFE2A2925, 0xFF3A3931,
  0xFF32312B, 0xFE34332C, 0xFE2D2C26, 0xFE1E1D1A, 0xFF383730, 0xFE32312A, 0xFE32312A, 0xFF32312A,
  0xFF1B1A18, 0xFE32312B, 0xFE34332B, 0xFE323129, 0xFE35342C, 0xFE20201B, 0xFD262521, 0xFE36342D,
  0xFE2F2E27, 0xFE313029, 0xFE282721, 0xFE1D1C19, 0xFF36342D, 0xFE312F28, 0xFE313028, 0xFE323129,
  0xFE1A1A17, 0xFE31302A, 0xFE323029, 0xFF2F2E27, 0xFE323129, 0xFE1F1E1A, 0xFE272622, 0xFF34332A,
  0xFE2F2E27, 0xFF323029, 0xFE292822, 0xFE201F1C, 0xFF37352D, 0xFF302F27, 0xFE302F27, 0xFE2F2E26,
  0xFE1A1916, 0xFE312F29, 0xFE2E2D26, 0xFE2E2D25, 0xFE313028, 0xFE1B1A16, 0xFF2C2B26, 0xFF313028,
  0xFE2F2D26, 0xFF313028, 0xFF24221D, 0xFF21201D, 0xFF35342C, 0xFF2F2E27, 0xFF312F27, 0xFE2E2D26,
  0xFE1B1A17, 0xFE35342D, 0xFF302F27, 0xFF302F27, 0xFF323129, 0xFF1E1E1A, 0xFE2C2B26, 0xFE35342B,
  0xFF312F27, 0xFE323129, 0xFE2C2B24, 0xFE22211E, 0xFE383730, 0xFF313028, 0xFE313028, 0xFE333229,
  0xFE1D1D19, 0xFE34322C, 0xFE33322A, 0xFE313028, 0xFE333229, 0xFE24231E, 0xFE292723, 0xFF37352D,
  0xFE302F27, 0xFE313028, 0xFE2E2D26, 0xFE1E1D1A, 0xFE36352E, 0xFE313028, 0xFE313028, 0xFE323128,
  0xFF1E1D19, 0xFD32302B, 0xFE34322A, 0xFE312F27, 0xFE333129, 0xFE25241E, 0xFE272622, 0xFE38362E,
  0xFE323028, 0xFE333129, 0xFD2E2C25, 0xFE1F1E1B, 0xFD37362F, 0xFD313028, 0xFE312F27, 0xFF323129,
  0xFE1E1D1A, 0xFE302F2A, 0xFF333129, 0xFF2F2E26, 0xFE323128, 0xFF22211C, 0xFF242320, 0xFF37352E,
  0xFF302F27, 0xFE313027, 0xFE2D2C25, 0xFF1E1C1A, 0xFE383630, 0xFE323029, 0xFF312F28, 0xFF313028,
  0xFF1D1C18, 0xFE302F2A, 0xFE34332B, 0xFF313028, 0xFE33322A, 0xFE272520, 0xFF272522, 0xFF393730,
  0xFE32312A, 0xFE33322A, 0xFF312F29, 0xFE201F1D, 0xFF3A3832, 0xFE37362F, 0xFE35342E, 0xFE36352F,
  0xFF242320, 0xFD32312D, 0xFE3B3A34, 0xFE3A3833, 0xFF3D3C37, 0xFF343430, 0xFE2E2E2B, 0xFE474644,
  0xFF484746, 0xFF2E2E2E, 0xFE424141, 0xFE5A5A5A, 0xFF484747, 0xFD464748, 0xFD5E6064, 0xFE5F6164,
  0xFE66686C, 0xFD62656B, 0xFD4F535F, 0xFE575B68, 0xFE565B69, 0xFE5A5F6C, 0xFD595E6A, 0xFF535766,
  0xFF595B65, 0xFD2E2E49, 0xFD04042E, 0xFE010135, 0xFE141539, 0xFD4E5056, 0xFD46474B, 0xFE292A2B,
  0xFE1A1A1C, 0xFE2D2D2F, 0xFE171717, 0xFB000000, 0xFE3B3A3B, 0xCB171615, 0x01000000, 0x01000000,
  0x00000000, 0x00000000, 0x00000000, 0x00000000, 0x00000000, 0x00000000, 0x00000000, 0x00000000,
  0x00000000, 0x00000000, 0x00000000, 0x00000000, 0x00000000, 0x00000000, 0x00000000, 0x00000000,
  0x04000000, 0x00010101, 0x71000000, 0xFF3D3C3B, 0xF9383838, 0xFE000000, 0xFD303032, 0xFE5A5F66,
  0xFD5B6068, 0xFC53585F, 0xFD474B52, 0xFE4D4F55, 0xFD414450, 0xFE333441, 0xFE2F3038, 0xFF1C1D24,
  0xFE18181E, 0xFE141417, 0xFE101014, 0xFE1B1C21, 0xFF1A1B1F, 0xFD1A1A1F, 0xFE232327, 0xFE272628,
  0xFE28282A, 0xFE2B2B2C, 0xFE2B2B2C, 0xFE252526, 0xFF232323, 0xFE302F2F, 0xFE111111, 0xFF141413,
  0xFE1E1D1C, 0xFE1C1B1A, 0xFF22211F, 0xFF1B1A19, 0xFE1B1A18, 0xFF1A1A18, 0xFF191817, 0xFF1A1A18,
  0xFF1E1E1C, 0xFF181716, 0xFF191816, 0xFE1A1816, 0xFF181715, 0xFE1D1D1A, 0xFE1A1A18, 0xFE171715,
  0xFF181816, 0xFF171715, 0xFE191917, 0xFE1C1C19, 0xFF171714, 0xFF171714, 0xFF171614, 0xFE171714,
  0xFF1B1A18, 0xFE181815, 0xFE181714, 0xFE181715, 0xFF161614, 0xFE1A1A17, 0xFE1A1A17, 0xFE161613,
  0xFF171715, 0xFE171714, 0xFE191816, 0xFE1C1B19, 0xFF171714, 0xFF181715, 0xFE181714, 0xFE181715,
  0xFF1A1A17, 0xFE181815, 0xFE181714, 0xFE181814, 0xFE181715, 0xFE1B1A17, 0xFE1A1A17, 0xFE181815,
  0xFF181715, 0xFE171714, 0xFE191816, 0xFE1B1A17, 0xFF171714, 0xFE181815, 0xFE181815, 0xFE171714,
  0xFF1B1B18, 0xFE181715, 0xFE171714, 0xFE171714, 0xFE171714, 0xFE1A1A17, 0xFE191916, 0xFF171714,
  0xFE181815, 0xFF181715, 0xFF181815, 0xFE1A1917, 0xFF181715, 0xFF181815, 0xFF171714, 0xFE171714,
  0xFF1B1A17, 0xFE181715, 0xFE171715, 0xFF181715, 0xFE171614, 0xFE1A1A17, 0xFF181815, 0xFF171714,
  0xFF171714, 0xFF171614, 0xFF191916, 0xFF1A1917, 0xFF181714, 0xFF181715, 0xFF181714, 0xFF191815,
  0xFF1B1B18, 0xFF181715, 0xFF181715, 0xFF181715, 0xFF181815, 0xFF1B1A17, 0xFE1A1916, 0xFE191815,
  0xFF191815, 0xFE181815, 0xFF1A1916, 0xFE1C1C18, 0xFE181815, 0xFF191816, 0xFE191916, 0xFE191916,
  0xFF1C1B18, 0xFE1A1916, 0xFE191815, 0xFE191816, 0xFF181815, 0xFE1A1917, 0xFE1B1A17, 0xFF181815,
  0xFE181715, 0xFE181815, 0xFF1A1916, 0xFF1D1C19, 0xFE181815, 0xFE191816, 0xFE191916, 0xFE191815,
  0xFF1C1B18, 0xFE1A1916, 0xFE191816, 0xFE191815, 0xFE191816, 0xFE1B1A17, 0xFF1B1B18, 0xFF181715,
  0xFF191915, 0xFE191915, 0xFE191915, 0xFE1C1B18, 0xFE191916, 0xFD1A1916, 0xFE191916, 0xFF181815,
  0xFE1C1B18, 0xFE1A1916, 0xFF181815, 0xFF181815, 0xFE191815, 0xFF1A1A17, 0xFF1B1A18, 0xFF191816,
  0xFF191815, 0xFE191815, 0xFF1A1916, 0xFF1D1C18, 0xFE191916, 0xFF191815, 0xFF191815, 0xFF181715,
  0xFF1C1B18, 0xFE1A1916, 0xFE181715, 0xFF181815, 0xFE191815, 0xFF1A1917, 0xFF1B1A17, 0xFF181714,
  0xFE181714, 0xFE181714, 0xFF191816, 0xFF1C1B19, 0xFF181815, 0xFE181815, 0xFE181815, 0xFE171614,
  0xFF1A1917, 0xFE191816, 0xFE171714, 0xFF171614, 0xFF181715, 0xFF1A1917, 0xFF1C1B1A, 0xFF161514,
  0xFF0F0E0D, 0xFE131212, 0xFE292829, 0xFE1E1E1F, 0xFF222123, 0xFE272729, 0xFE252526, 0xFE252526,
  0xFE28282B, 0xFE242427, 0xFD1C1C20, 0xFE1D1E22, 0xFE1D1E23, 0xFE18181C, 0xFD161619, 0xFF1C1D21,
  0xFF1E1F24, 0xFE38383E, 0xFD3B3C43, 0xFE42444B, 0xFE424448, 0xFD474A4E, 0xFD5E6167, 0xFE71767C,
  0xFE6E7178, 0xFE2C2D2E, 0xFE000000, 0xF92D2C2D, 0xFF343332, 0x76000000, 0x00010101, 0x04000000,
  0x00000000, 0x00000000, 0x00000000, 0x00000000, 0x00000000, 0x00000000, 0x00000000, 0x00000000,
  0x00000000, 0x00000000, 0x00000000, 0x00000000, 0x00000000, 0x00000000, 0x00000000, 0x00000000,
  0x01000000, 0x01000000, 0x112D2D2D, 0xE40A0705, 0xFF3F3F3F, 0xF8373637, 0xFD020101, 0xFE222325,
  0xFD565B62, 0xFD3D4045, 0xFE202021, 0xFE212121, 0xFD2B2B2A, 0xFD353535, 0xFE383939, 0xFF3F4044,
  0xFE4B4C50, 0xFE272729, 0xFE2C2C2D, 0xFE4C4C4D, 0xFF444546, 0xFE474848, 0xFE454546, 0xFF434344,
  0xFE464746, 0xFE494A49, 0xFE484848, 0xFF474748, 0xFE444444, 0xFE4D4D4D, 0xFE3B3B3B, 0xFE272627,
  0xFD616062, 0xFE504F50, 0xFE525052, 0xFE535152, 0xFD525051, 0xFE525051, 0xFE525051, 0xFE525051,
  0xFE515050, 0xFE535152, 0xFE535151, 0xFD524F50, 0xFE535152, 0xFD514F4F, 0xFD504E4F, 0xFE514F4F,
  0xFE514E4F, 0xFE515050, 0xFD514F4F, 0xFE4F4D4E, 0xFE514F4F, 0xFE524F4F, 0xFE524F50, 0xFD525050,
  0xFE525050, 0xFD535051, 0xFD535050, 0xFE524F4F, 0xFE515050, 0xFD514F4F, 0xFD514F4F, 0xFE525050,
  0xFE514F50, 0xFD524F50, 0xFD514F50, 0xFD504D4E, 0xFE514F4F, 0xFD504E4F, 0xFC514F4E, 0xFD504E4E,
  0xFE504E4F, 0xFD514F4F, 0xFE525050, 0xFD514F4F, 0xFE514F4F, 0xFD514F4F, 0xFC514F4F, 0xFE524F4F,
  0xFE514F4F, 0xFD514F4F, 0xFD525050, 0xFD524F50, 0xFE525050, 0xFD535050, 0xFC535151, 0xFD545152,
  0xFD524F4F, 0xFD535151, 0xFD545252, 0xFD525150, 0xFD545253, 0xFD535151, 0xFD535151, 0xFE545252,
  0xFD555354, 0xFE565353, 0xFE555352, 0xFD555353, 0xFD565454, 0xFE575454, 0xFE565353, 0xFE545252,
  0xFE545251, 0xFE555252, 0xFD545252, 0xFD545251, 0xFD565453, 0xFE565353, 0xFE565353, 0xFE565453,
  0xFD565454, 0xFE565353, 0xFE565353, 0xFE575453, 0xFE595756, 0xFE595656, 0xFE595656, 0xFE595756,
  0xFE5B5857, 0xFE5C5A59, 0xFE5D5A5A, 0xFD5E5B5A, 0xFE5F5D5C, 0xFE5E5C5B, 0xFD5E5C5C, 0xFD5F5D5C,
  0xFE605D5C, 0xFD5F5E5D, 0xFD605E5D, 0xFD5F5D5C, 0xFD5F5D5C, 0xFE5F5D5C, 0xFD5E5C5B, 0xFD5F5D5B,
  0xFD5D5A59, 0xFD5E5C5B, 0xFD5F5D5C, 0xFD5F5C5C, 0xFE5E5C5B, 0xFE5E5C5B, 0xFD5F5C5B, 0xFE5F5D5C,
  0xFD5E5B5B, 0xFD5D5B5A, 0xFE5C5B59, 0xFE5C5959, 0xFE5C5A59, 0xFD5C5A59, 0xFD5A5957, 0xFD595756,
  0xFE595756, 0xFD5A5857, 0xFD5A5857, 0xFE5A5756, 0xFD585554, 0xFD595655, 0xFE585655, 0xFE565453,
  0xFD555353, 0xFD565352, 0xFD555352, 0xFD535150, 0xFD525050, 0xFC555251, 0xFD545251, 0xFE514F4F,
  0xFD504E4D, 0xFD504E4D, 0xFE504E4E, 0xFE504D4D, 0xFD4E4C4C, 0xFE4F4D4D, 0xFE4F4D4C, 0xFE4F4D4C,
  0xFE4E4C4C, 0xFD4F4D4C, 0xFE4E4C4B, 0xFE4C4A49, 0xFD4C4A49, 0xFE4D4A49, 0xFE4D4A49, 0xFE4D4A4A,
  0xFE4D4A4A, 0xFD4D4B4A, 0xFD4E4B4B, 0xFE4D4B4B, 0xFD4E4B4B, 0xFE4E4B4B, 0xFE4D4B4B, 0xFF4D4B4B,
  0xFD4E4B4C, 0xFE4E4B4C, 0xFE4E4B4B, 0xFE4C4A4A, 0xFE4D4B4C, 0xFE4D4C4C, 0xFD4D4B4B, 0xFE4D4B4C,
  0xFE4E4C4E, 0xFD4F4D4E, 0xFD504E4F, 0xFE504E50, 0xFE4E4D4E, 0xFE4C4B4C, 0xFE49484A, 0xFE555456,
  0xFF222122, 0xFE444344, 0xFE484849, 0xFE414344, 0xFF3F4141, 0xFE414242, 0xFE434445, 0xFE424444,
  0xFE434546, 0xFE444647, 0xFE494A4B, 0xFE4C4D4D, 0xFE515253, 0xFD3E3E3F, 0xFE212121, 0xFF595A5D,
  0xFF404143, 0xFE3F3F3F, 0xFD3C3B3A, 0xFE373736, 0xFE333232, 0xFD3C3C3D, 0xFD585C60, 0xFE65696F,
  0xFF26272A, 0xFE000000, 0xF8323131, 0xFF3C3B3A, 0xDE0A0805, 0x0F221122, 0x01000000, 0x01000000,
  0x00000000, 0x00000000, 0x00000000, 0x00000000, 0x00000000, 0x00000000, 0x00000000, 0x00000000,
  0x00000000, 0x00000000, 0x00000000, 0x00000000, 0x00000000, 0x00000000, 0x00000000, 0x00000000,
  0x00000000, 0x02000000, 0x00000000, 0x3E141414, 0xF60A0705, 0xFF2E2D2D, 0xFA414143, 0xFA202021,
  0xFB0C0B0B, 0xFC0F0F0F, 0xFD181818, 0xFE1F1E1F, 0xFE212120, 0xFD201F1E, 0xFE201F1E, 0xFE21201E,
  0xFE2B2927, 0xFD0F0E0D, 0xFE383737, 0xFE343330, 0xFE33312E, 0xFD343430, 0xFD353431, 0xFE373532,
  0xFE393835, 0xFE393834, 0xFE393835, 0xFE3B3A36, 0xFE383733, 0xFE4D4B49, 0xFE262625, 0xFE312F2F,
  0xFE191714, 0xFE12100C, 0xFE110F0B, 0xFE110F0C, 0xFE110F0B, 0xFE100E0B, 0xFE100D0A, 0xFE100E0A,
  0xFE0F0E0A, 0xFF0F0C09, 0xFE0F0D09, 0xFE100D0A, 0xFE0F0D09, 0xFE0F0D09, 0xFD0F0D09, 0xFE0F0D09,
  0xFF0F0D09, 0xFE0E0C09, 0xFE0E0C08, 0xFE0E0D08, 0xFE0E0C08, 0xFE0E0C08, 0xFE0F0D09, 0xFE100D09,
  0xFF0F0D09, 0xFE0F0D09, 0xFD100D09, 0xFE0F0D09, 0xFE0E0C08, 0xFE0E0C09, 0xFE0F0D09, 0xFE0F0D09,
  0xFE0E0C08, 0xFE0E0C08, 0xFE0F0C08, 0xFD0F0D08, 0xFE0D0B07, 0xFE0E0B08, 0xFD0E0C08, 0xFE0E0C08,
  0xFE0D0C08, 0xFE0E0C08, 0xFE0F0D09, 0xFE0F0D08, 0xFE0E0C08, 0xFD100E09, 0xFD100E0A, 0xFE100D09,
  0xFE100E09, 0xFD100E0A, 0xFE100E0A, 0xFE110E0A, 0xFE110F0B, 0xFE13100B, 0xFD13100C, 0xFE12100C,
  0xFE12100C, 0xFE13110C, 0xFE13110D, 0xFE13110C, 0xFE13110D, 0xFE13120D, 0xFE14120D, 0xFF14120D,
  0xFE15130E, 0xFE15130E, 0xFE15130E, 0xFE15130E, 0xFF16140F, 0xFE16140F, 0xFE16140F, 0xFE16140F,
  0xFE171510, 0xFE171410, 0xFE161410, 0xFE181511, 0xFE191712, 0xFE191612, 0xFE181611, 0xFE191712,
  0xFE1C1914, 0xFF1A1713, 0xFF1A1713, 0xFE1B1914, 0xFE1D1A15, 0xFF1C1A15, 0xFE1D1B16, 0xFE1E1C17,
  0xFE1F1C17, 0xFE1E1C17, 0xFE1F1D18, 0xFE211F19, 0xFF211F1A, 0xFE211F1A, 0xFE211F19, 0xFE221F1A,
  0xFE22201A, 0xFE22201A, 0xFE22201A, 0xFE211F1A, 0xFE211E19, 0xFE201E19, 0xFE201E18, 0xFE201D18,
  0xFE1F1D17, 0xFE1F1D18, 0xFE1F1D18, 0xFE201E18, 0xFE201D17, 0xFE1E1C17, 0xFE1E1C16, 0xFE1D1B16,
  0xFE1D1A15, 0xFD1C1A15, 0xFE1D1A15, 0xFE1C1A15, 0xFE1A1813, 0xFE1C1A14, 0xFD1B1913, 0xFE191711,
  0xFE191711, 0xFD1A1712, 0xFD191711, 0xFE181510, 0xFE17150F, 0xFD181610, 0xFE17150F, 0xFE16130E,
  0xFE16130E, 0xFD15130E, 0xFD15130D, 0xFE14120D, 0xFE13110D, 0xFD14120D, 0xFE13110C, 0xFF100E0A,
  0xFE12100B, 0xFE110F0B, 0xFE110F0A, 0xFE100E09, 0xFE100E0A, 0xFE100E0A, 0xFF110E0A, 0xFE100E0A,
  0xFE0F0E09, 0xFE100D09, 0xFE0F0D09, 0xFF0F0C09, 0xFE0F0E09, 0xFE100D09, 0xFF0F0C08, 0xFE0D0B07,
  0xFE0F0D08, 0xFE0F0D08, 0xFE0F0D08, 0xFE0F0D09, 0xFE0F0D08, 0xFE0F0D09, 0xFE0F0C08, 0xFF0E0C08,
  0xFE0F0D09, 0xFE0E0D09, 0xFE0F0C08, 0xFE0F0D09, 0xFE0E0D08, 0xFE0F0D09, 0xFE0F0D09, 0xFE0F0E09,
  0xFF0E0C08, 0xFE0F0D09, 0xFE100E0A, 0xFE110F0B, 0xFE110F0B, 0xFE110F0B, 0xFE110F0B, 0xFE14120E,
  0xFF171513, 0xFE2A2929, 0xFE434240, 0xFE302F2B, 0xFF33312E, 0xFE343430, 0xFD353431, 0xFE353431,
  0xFE363632, 0xFE373733, 0xFE383733, 0xFE383733, 0xFE3A3936, 0xFD41403E, 0xFD181716, 0xFF3E3D3A,
  0xFF353533, 0xFE30302F, 0xFD2E2E2D, 0xFE2F2E2E, 0xFE282728, 0xFD202020, 0xFD121212, 0xFC050404,
  0xFA181717, 0xFC3D3D3D, 0xFF343232, 0xEC0E0B09, 0x310F0F0F, 0x00000000, 0x02000000, 0x00000000,
  0x00000000, 0x00000000, 0x00000000, 0x00000000, 0x00000000, 0x00000000, 0x00000000, 0x00000000,
  0x00000000, 0x00000000, 0x00000000, 0x00000000, 0x00000000, 0x00000000, 0x00000000, 0x00000000,
  0x00000000, 0x00000000, 0x02000000, 0x00000000, 0x371B1B17, 0xC70F0C0A, 0xFF151412, 0xFF2F2E2F,
  0xFF39393B, 0xFF292828, 0xFE1F1F1F, 0xFD1E1D1D, 0xFC1B1A1A, 0xFB171716, 0xFC181717, 0xFD181616,
  0xFC1A1919, 0xFB060606, 0xFC11100F, 0xFD131212, 0xFC141313, 0xFC151414, 0xFC151413, 0xFC151413,
  0xFC151413, 0xFC151413, 0xFC141412, 0xFC141312, 0xFD151413, 0xFC131211, 0xFC191818, 0xFD2A2827,
  0xFC14130F, 0xFC181714, 0xFC171612, 0xFC181613, 0xFC171512, 0xFC161511, 0xFC171511, 0xFD171512,
  0xFD171511, 0xFD171511, 0xFD171511, 0xFC171612, 0xFD171511, 0xFC171512, 0xFB171511, 0xFC171511,
  0xFD171511, 0xFD161411, 0xFC161510, 0xFC171511, 0xFD161511, 0xFC161511, 0xFC171511, 0xFC181612,
  0xFD171511, 0xFC171511, 0xFC171511, 0xFC171511, 0xFC151410, 0xFC161511, 0xFC171511, 0xFD171511,
  0xFD161511, 0xFC161410, 0xFC161511, 0xFC171511, 0xFD161410, 0xFC161511, 0xFC171511, 0xFC171511,
  0xFD161511, 0xFC171511, 0xFC181612, 0xFC171612, 0xFC171511, 0xFB181712, 0xFB191713, 0xFC181612,
  0xFC181612, 0xFC191712, 0xFC191713, 0xFD191713, 0xFC191713, 0xFC1A1813, 0xFC1A1813, 0xFC1A1814,
  0xFC191814, 0xFC1B1915, 0xFC1B1A16, 0xFC1B1A15, 0xFC1B1915, 0xFC1C1A16, 0xFC1C1A16, 0xFD1C1A16,
  0xFC1D1B17, 0xFD1D1B16, 0xFD1D1B17, 0xFC1E1C17, 0xFD1E1D18, 0xFD1F1C17, 0xFC1E1C17, 0xFC1F1D18,
  0xFD1F1D18, 0xFC1F1D18, 0xFC1F1E19, 0xFC201F1A, 0xFC221F1A, 0xFC211F1A, 0xFC211F1A, 0xFC22201B,
  0xFC24221C, 0xFD23211C, 0xFD23211C, 0xFD23221C, 0xFC25241E, 0xFD25231E, 0xFC26241F, 0xFC272520,
  0xFC272520, 0xFC27241F, 0xFC272520, 0xFD292621, 0xFD282621, 0xFD282621, 0xFC292721, 0xFC292722,
  0xFD292722, 0xFC282721, 0xFC282621, 0xFC282621, 0xFC282621, 0xFC272520, 0xFC272520, 0xFC272520,
  0xFC27251F, 0xFC26231E, 0xFC25231E, 0xFC26231E, 0xFC25231D, 0xFC25231E, 0xFC25231E, 0xFC25231E,
  0xFC25221D, 0xFC23211C, 0xFC23211C, 0xFC23211C, 0xFC22211C, 0xFC23211C, 0xFC22201B, 0xFC211F1A,
  0xFC221F1A, 0xFB22201A, 0xFC211F1A, 0xFC1F1E18, 0xFC201E19, 0xFC201E19, 0xFC201E19, 0xFD1F1D17,
  0xFC1F1D18, 0xFC1F1D18, 0xFC1F1D18, 0xFC1E1C17, 0xFC1E1C17, 0xFB1E1C17, 0xFC1D1B16, 0xFD1B1914,
  0xFC1C1A15, 0xFC1C1A15, 0xFC1B1814, 0xFD1A1713, 0xFC1A1813, 0xFD1A1813, 0xFD1A1713, 0xFD191713,
  0xFC181713, 0xFC181612, 0xFC181612, 0xFD181612, 0xFC181712, 0xFD181712, 0xFD181612, 0xFD181611,
  0xFD181611, 0xFC171511, 0xFC181612, 0xFD191713, 0xFC181612, 0xFC181612, 0xFD171612, 0xFD171612,
  0xFC191712, 0xFC181612, 0xFD181612, 0xFD181612, 0xFD171612, 0xFD181713, 0xFC191713, 0xFC191713,
  0xFC181713, 0xFC181713, 0xFC191713, 0xFC1A1814, 0xFC1A1814, 0xFC1A1915, 0xFC1A1915, 0xFC181613,
  0xFD23211E, 0xFC151312, 0xFC161513, 0xFC161513, 0xFD161513, 0xFC161514, 0xFC161514, 0xFC161514,
  0xFC171615, 0xFC161514, 0xFC161513, 0xFC171614, 0xFC161514, 0xFC161513, 0xFB0B0A09, 0xFC1D1D1C,
  0xFC1C1B1B, 0xFB1B1A1A, 0xFB1C1B1B, 0xFC1C1C1B, 0xFD232222, 0xFE232322, 0xFF2B2B2B, 0xFF363535,
  0xFF31302F, 0xFF161514, 0xB7060402, 0x27201A1A, 0x00000000, 0x02000000, 0x00000000, 0x00000000,
  0x00000000, 0x00000000, 0x00000000, 0x00000000, 0x00000000, 0x00000000, 0x00000000, 0x00000000,
  0x00000000, 0x00000000, 0x00000000, 0x00000000, 0x00000000, 0x00000000, 0x00000000, 0x00000000,
  0x00000000, 0x00000000, 0x00000000, 0x02000000, 0x00000000, 0x00020202, 0x4B11110D, 0x9D010000,
  0xD2020100, 0xEE0B0A09, 0xFE111010, 0xFF161616, 0xFF1B1B1C, 0xFF1B1B1A, 0xFF1B1B1A, 0xFF1B1A1A,
  0xFF1D1C1B, 0xFF080606, 0xFF080704, 0xFF070603, 0xFF070503, 0xFF080604, 0xFF080604, 0xFF070503,
  0xFF090704, 0xFF070602, 0xFF060503, 0xFF070503, 0xFF060502, 0xFF010000, 0xFF131210, 0xFF242423,
  0xFF20201E, 0xFF20201E, 0xFF201F1E, 0xFF20201E, 0xFF201F1E, 0xFF1F1F1D, 0xFF1F1F1E, 0xFF20201E,
  0xFF1F1F1E, 0xFF1F1F1E, 0xFF20201E, 0xFF21201F, 0xFF21201F, 0xFF20201F, 0xFF20201E, 0xFF20201E,
  0xFF1F1F1D, 0xFF1F1F1E, 0xFF201F1E, 0xFF1F201D, 0xFF1F1F1D, 0xFF1F1F1D, 0xFF201F1E, 0xFF20201E,
  0xFF1F1F1D, 0xFF201F1E, 0xFF20201E, 0xFF20201E, 0xFF1F1F1D, 0xFF20201E, 0xFF20201E, 0xFF20201E,
  0xFF1F1F1E, 0xFF1F1F1E, 0xFF20201E, 0xFF20201E, 0xFF1F1F1D, 0xFF1F1F1E, 0xFF201F1E, 0xFF20201E,
  0xFF1F1F1D, 0xFF1F1F1E, 0xFF20201E, 0xFF20201E, 0xFF201F1E, 0xFF20201E, 0xFF20201E, 0xFF201F1E,
  0xFF201F1E, 0xFF201F1E, 0xFF1F1F1E, 0xFF201F1E, 0xFF20201E, 0xFF21211F, 0xFF21211F, 0xFF20201E,
  0xFF1F1F1D, 0xFF21201F, 0xFF21211F, 0xFF20201E, 0xFF21211F, 0xFF21211F, 0xFF20201F, 0xFF20201E,
  0xFF21201E, 0xFF21201F, 0xFF21201F, 0xFF21211F, 0xFF21211F, 0xFF21201F, 0xFF21201F, 0xFF21201F,
  0xFF21201F, 0xFF21201F, 0xFF21201F, 0xFF21211F, 0xFF22211F, 0xFF222220, 0xFF212120, 0xFF222120,
  0xFF232321, 0xFF232221, 0xFF222120, 0xFF21211F, 0xFF232220, 0xFF232220, 0xFF242321, 0xFF242321,
  0xFF232321, 0xFF232321, 0xFF232321, 0xFF242321, 0xFF232321, 0xFF232221, 0xFF232321, 0xFF232321,
  0xFF242421, 0xFF242321, 0xFF242321, 0xFF242321, 0xFF242321, 0xFF242421, 0xFF242422, 0xFF252422,
  0xFF232220, 0xFF222220, 0xFF222120, 0xFF222220, 0xFF222220, 0xFF222120, 0xFF22211F, 0xFF232220,
  0xFF22211F, 0xFF212120, 0xFF222120, 0xFF22211F, 0xFF222220, 0xFF222221, 0xFF222220, 0xFF21211F,
  0xFF232220, 0xFF232220, 0xFF222220, 0xFF21211F, 0xFF222220, 0xFF232220, 0xFF232220, 0xFF22211F,
  0xFF22211F, 0xFF232220, 0xFF232321, 0xFF222220, 0xFF232220, 0xFF232220, 0xFF22221F, 0xFF20201F,
  0xFF21211F, 0xFF222120, 0xFF21211F, 0xFF201F1E, 0xFF21201E, 0xFF222120, 0xFF21211F, 0xFF21211F,
  0xFF21211F, 0xFF21211F, 0xFF21211F, 0xFF20201E, 0xFF21201F, 0xFF21201F, 0xFF20201F, 0xFF20201E,
  0xFF21201F, 0xFF21211F, 0xFF21211F, 0xFF222120, 0xFF21201F, 0xFF21211F, 0xFF21211F, 0xFF20201F,
  0xFF212120, 0xFF212120, 0xFF21201F, 0xFF20201F, 0xFF20201F, 0xFF21211F, 0xFF21211F, 0xFF21201F,
  0xFF21201F, 0xFF20211F, 0xFF21211F, 0xFF21201F, 0xFF21211F, 0xFF201F1E, 0xFF1F1F1D, 0xFF1F1F1D,
  0xFF232221, 0xFF121111, 0xFF050301, 0xFF0B0905, 0xFF070502, 0xFF090704, 0xFF090705, 0xFF090704,
  0xFF090705, 0xFF090705, 0xFF090804, 0xFF090704, 0xFF080604, 0xFF060401, 0xFF060604, 0xFF1E1E1D,
  0xFF1E1E1E, 0xFF1E1E1E, 0xFF212122, 0xFF1E1E1E, 0xFF1D1D1D, 0xFE141414, 0xF00E0D0D, 0xD1080706,
  0x93010100, 0x3F080808, 0x00010102, 0x00000000, 0x02000000, 0x00000000, 0x00000000, 0x00000000,
  0x00000000, 0x00000000, 0x00000000, 0x00000000, 0x00000000, 0x00000000, 0x00000000, 0x00000000,
  0x00000000, 0x00000000, 0x00000000, 0x00000000, 0x00000000, 0x00000000, 0x00000000, 0x00000000,
  0x00000000, 0x00000000, 0x00000000, 0x00000000, 0x02000000, 0x00000000, 0x00000000, 0x00010101,
  0x00020202, 0x160B0B00, 0x29000000, 0x39000000, 0x41000000, 0x41000000, 0x40000000, 0x42000000,
  0x42000000, 0x4B060606, 0x42070707, 0x41030303, 0x41070703, 0x40070707, 0x41070303, 0x41070303,
  0x41070703, 0x41070303, 0x41070303, 0x41070703, 0x41030303, 0x42070707, 0x41000000, 0x41000000,
  0x40000000, 0x40000000, 0x40000000, 0x40000000, 0x41000000, 0x40000000, 0x40000000, 0x41000000,
  0x41000000, 0x41000000, 0x40000000, 0x40000000, 0x41000000, 0x40000000, 0x40000000, 0x40000000,
  0x41000000, 0x41000000, 0x40000000, 0x40000000, 0x41000000, 0x41000000, 0x40000000, 0x40000000,
  0x41000000, 0x40000000, 0x40000000, 0x40000000, 0x41000000, 0x40000000, 0x41000000, 0x41000000,
  0x41000000, 0x41000000, 0x41000000, 0x40000000, 0x41000000, 0x41000000, 0x40000000, 0x41000000,
  0x41000000, 0x41000000, 0x41000000, 0x40000000, 0x40000000, 0x40000000, 0x40000000, 0x41000000,
  0x40000000, 0x40000000, 0x40000000, 0x40000000, 0x40000000, 0x40000000, 0x40000000, 0x41000000,
  0x40000000, 0x40000000, 0x41000000, 0x41000000, 0x41000000, 0x40000000, 0x40000000, 0x41000000,
  0x40000000, 0x40000000, 0x41000000, 0x40000000, 0x40000000, 0x40000000, 0x40000000, 0x40000000,
  0x40000000, 0x40000000, 0x40000000, 0x40000000, 0x40000000, 0x41000000, 0x41000000, 0x41000000,
  0x40000000, 0x41000000, 0x41000000, 0x40000000, 0x40000000, 0x41000000, 0x41000000, 0x40000000,
  0x40000000, 0x40000000, 0x40000000, 0x40000000, 0x41000000, 0x41000000, 0x40000000, 0x40000000,
  0x40000000, 0x40000000, 0x40000000, 0x40000000, 0x40000000, 0x40000000, 0x40000000, 0x40000000,
  0x40000000, 0x40000000, 0x40000000, 0x40000000, 0x40000000, 0x40000000, 0x40000000, 0x40000000,
  0x40000000, 0x40000000, 0x40000000, 0x40000000, 0x40000000, 0x40000000, 0x40000000, 0x40000000,
  0x40000000, 0x40000000, 0x40000000, 0x40000000, 0x40000000, 0x40000000, 0x41000000, 0x40000000,
  0x40000000, 0x41000000, 0x40000000, 0x40000000, 0x40000000, 0x40000000, 0x40000000, 0x40000000,
  0x40000000, 0x40000000, 0x41000000, 0x40000000, 0x40000000, 0x41000000, 0x41000000, 0x41000000,
  0x40000000, 0x40000000, 0x41000000, 0x41000000, 0x41000000, 0x41000000, 0x41000000, 0x41000000,
  0x41000000, 0x40000000, 0x40000000, 0x40000000, 0x40000000, 0x40000000, 0x41000000, 0x41000000,
  0x40000000, 0x41000000, 0x41000000, 0x40000000, 0x41000000, 0x40000000, 0x40000000, 0x40000000,
  0x40000000, 0x40000000, 0x40000000, 0x41000000, 0x40000000, 0x40000000, 0x40000000, 0x41000000,
  0x41000000, 0x40000000, 0x41030303, 0x40030303, 0x41030303, 0x40070303, 0x40070303, 0x41030303,
  0x40070707, 0x40030703, 0x40030303, 0x41070303, 0x41030303, 0x41070303, 0x4A060606, 0x47000000,
  0x41000000, 0x41000000, 0x40000000, 0x40000000, 0x39000000, 0x2A000000, 0x17000000, 0x00010101,
  0x00010101, 0x00000000, 0x01000000, 0x02000000, 0x00000000, 0x00000000, 0x00000000, 0x00000000,
  0x00000000, 0x00000000, 0x00000000, 0x00000000, 0x00000000, 0x00000000, 0x00000000, 0x00000000,
  0x00000000, 0x00000000, 0x00000000, 0x00000000, 0x00000000, 0x00000000, 0x00000000, 0x00000000,
  0x00000000, 0x00000000, 0x00000000, 0x00000000, 0x00000000, 0x01000000, 0x03000000, 0x03000000,
  0x00000000, 0x00000000, 0x00000000, 0x00000000, 0x00010101, 0x00010101, 0x00010101, 0x00010101,
  0x00010101, 0x00000000, 0x00000000, 0x00000000, 0x00000000, 0x00000000, 0x00000000, 0x00000000,
  0x00000000, 0x00000000, 0x00000000, 0x00000000, 0x00000000, 0x00000000, 0x00000000, 0x00010101,
  0x00010101, 0x00010101, 0x00010101, 0x00010101, 0x00010101, 0x00010101, 0x00010101, 0x00010101,
  0x00010101, 0x00010101, 0x00010101, 0x00010101, 0x00010101, 0x00010101, 0x00010101, 0x00010101,
  0x00010101, 0x00010101, 0x00010101, 0x00010101, 0x00010101, 0x00010101, 0x00010101, 0x00010101,
  0x00010101, 0x00010101, 0x00010101, 0x00010101, 0x00010101, 0x00010101, 0x00010101, 0x00010101,
  0x00010101, 0x00010101, 0x00010101, 0x00010101, 0x00010101, 0x00010101, 0x00010101, 0x00010101,
  0x00010101, 0x00010101, 0x00010101, 0x00010101, 0x00010101, 0x00010101, 0x00010101, 0x00010101,
  0x00010101, 0x00010101, 0x00010101, 0x00010101, 0x00010101, 0x00010101, 0x00010101, 0x00010101,
  0x00010101, 0x00010101, 0x00010101, 0x00010101, 0x00010101, 0x00010101, 0x00010101, 0x00010101,
  0x00010101, 0x00010101, 0x00010101, 0x00010101, 0x00010101, 0x00010101, 0x00010101, 0x00010101,
  0x00010101, 0x00010101, 0x00010101, 0x00010101, 0x00010101, 0x00010101, 0x00010101, 0x00010101,
  0x00010101, 0x00010101, 0x00010101, 0x00010101, 0x00010101, 0x00010101, 0x00010101, 0x00010101,
  0x00010101, 0x00010101, 0x00010101, 0x00010101, 0x00010101, 0x00010101, 0x00010101, 0x00010101,
  0x00010101, 0x00010101, 0x00010101, 0x00010101, 0x00010101, 0x00010101, 0x00010101, 0x00010101,
  0x00010101, 0x00010101, 0x00010101, 0x00010101, 0x00010101, 0x00010101, 0x00010101, 0x00010101,
  0x00010101, 0x00010101, 0x00010101, 0x00010101, 0x00010101, 0x00010101, 0x00010101, 0x00010101,
  0x00010101, 0x00010101, 0x00010101, 0x00010101, 0x00010101, 0x00010101, 0x00010101, 0x00010101,
  0x00010101, 0x00010101, 0x00010101, 0x00010101, 0x00010101, 0x00010101, 0x00010101, 0x00010101,
  0x00010101, 0x00010101, 0x00010101, 0x00010101, 0x00010101, 0x00010101, 0x00010101, 0x00010101,
  0x00010101, 0x00010101, 0x00010101, 0x00010101, 0x00010101, 0x00010101, 0x00010101, 0x00010101,
  0x00010101, 0x00010101, 0x00010101, 0x00010101, 0x00010101, 0x00010101, 0x00010101, 0x00010101,
  0x00010101, 0x00010101, 0x00010101, 0x00010101, 0x00010101, 0x00010101, 0x00010101, 0x00010101,
  0x00010101, 0x00010101, 0x00010101, 0x00010101, 0x00010101, 0x00010101, 0x00010101, 0x00010101,
  0x00010101, 0x00000000, 0x00000000, 0x00000000, 0x00000000, 0x00000000, 0x00000000, 0x00000000,
  0x00000000, 0x00000000, 0x00000000, 0x00000000, 0x00000000, 0x00000000, 0x00000000, 0x00010101,
  0x00010101, 0x00010101, 0x00010101, 0x00010101, 0x00010101, 0x00000000, 0x00000000, 0x00000000,
  0x04000000, 0x03000000, 0x00000000, 0x00000000, 0x00000000, 0x00000000, 0x00000000, 0x00000000,
  0x00000000, 0x00000000, 0x00000000, 0x00000000, 0x00000000, 0x00000000, 0x00000000, 0x00000000,
  0x00000000, 0x00000000, 0x00000000, 0x00000000, 0x00000000, 0x00000000, 0x00000000, 0x00000000,
  0x00000000, 0x00000000, 0x00000000, 0x00000000, 0x00000000, 0x00000000, 0x00000000, 0x00000000,
  0x00000000, 0x01000000, 0x02000000, 0x03000000, 0x03000000, 0x03000000, 0x03000000, 0x03000000,
  0x03000000, 0x03000000, 0x03000000, 0x03000000, 0x03000000, 0x03000000, 0x03000000, 0x03000000,
  0x03000000, 0x03000000, 0x03000000, 0x03000000, 0x03000000, 0x03000000, 0x03000000, 0x03000000,
  0x03000000, 0x03000000, 0x03000000, 0x03000000, 0x03000000, 0x03000000, 0x03000000, 0x03000000,
  0x03000000, 0x03000000, 0x03000000, 0x03000000, 0x03000000, 0x03000000, 0x03000000, 0x03000000,
  0x03000000, 0x03000000, 0x03000000, 0x03000000, 0x03000000, 0x03000000, 0x03000000, 0x03000000,
  0x03000000, 0x03000000, 0x03000000, 0x03000000, 0x03000000, 0x03000000, 0x03000000, 0x03000000,
  0x03000000, 0x03000000, 0x03000000, 0x03000000, 0x03000000, 0x03000000, 0x03000000, 0x03000000,
  0x03000000, 0x03000000, 0x03000000, 0x03000000, 0x03000000, 0x03000000, 0x03000000, 0x03000000,
  0x03000000, 0x03000000, 0x03000000, 0x03000000, 0x03000000, 0x03000000, 0x03000000, 0x03000000,
  0x03000000, 0x03000000, 0x03000000, 0x03000000, 0x03000000, 0x03000000, 0x03000000, 0x03000000,
  0x03000000, 0x03000000, 0x03000000, 0x03000000, 0x03000000, 0x03000000, 0x03000000, 0x03000000,
  0x03000000, 0x03000000, 0x03000000, 0x03000000, 0x03000000, 0x03000000, 0x03000000, 0x03000000,
  0x03000000, 0x03000000, 0x03000000, 0x03000000, 0x03000000, 0x03000000, 0x03000000, 0x03000000,
  0x03000000, 0x03000000, 0x03000000, 0x03000000, 0x03000000, 0x03000000, 0x03000000, 0x03000000,
  0x03000000, 0x03000000, 0x03000000, 0x03000000, 0x03000000, 0x03000000, 0x03000000, 0x03000000,
  0x03000000, 0x03000000, 0x03000000, 0x03000000, 0x03000000, 0x03000000, 0x03000000, 0x03000000,
  0x03000000, 0x03000000, 0x03000000, 0x03000000, 0x03000000, 0x03000000, 0x03000000, 0x03000000,
  0x03000000, 0x03000000, 0x03000000, 0x03000000, 0x03000000, 0x03000000, 0x03000000, 0x03000000,
  0x03000000, 0x03000000, 0x03000000, 0x03000000, 0x03000000, 0x03000000, 0x03000000, 0x03000000,
  0x03000000, 0x03000000, 0x03000000, 0x03000000, 0x03000000, 0x03000000, 0x03000000, 0x03000000,
  0x03000000, 0x03000000, 0x03000000, 0x03000000, 0x03000000, 0x03000000, 0x03000000, 0x03000000,
  0x03000000, 0x03000000, 0x03000000, 0x03000000, 0x03000000, 0x03000000, 0x03000000, 0x03000000,
  0x03000000, 0x03000000, 0x03000000, 0x03000000, 0x03000000, 0x03000000, 0x03000000, 0x03000000,
  0x03000000, 0x03000000, 0x03000000, 0x03000000, 0x03000000, 0x03000000, 0x03000000, 0x03000000,
  0x03000000, 0x03000000, 0x03000000, 0x03000000, 0x03000000, 0x03000000, 0x03000000, 0x03000000,
  0x03000000, 0x03000000, 0x03000000, 0x03000000, 0x03000000, 0x03000000, 0x03000000, 0x03000000,
  0x03000000, 0x03000000, 0x03000000, 0x03000000, 0x03000000, 0x02000000, 0x01000000, 0x00000000,
  0x00000000, 0x00000000, 0x00000000, 0x00000000, 0x00000000, 0x00000000, 0x00000000, 0x00000000,
  0x00000000, 0x00000000, 0x00000000, 0x00000000, 0x00000000, 0x00000000, 0x00000000, 0x00000000,
  0x00000000, 0x00000000, 0x00000000, 0x00000000, 0x00000000, 0x00000000, 0x00000000, 0x00000000,
  0x00000000, 0x00000000, 0x00000000, 0x00000000, 0x00000000, 0x00000000, 0x00000000, 0x00000000,
  0x00000000, 0x00000000, 0x00000000, 0x00000000, 0x00000000, 0x00000000, 0x00000000, 0x00000000,
  0x00000000, 0x00000000, 0x00000000, 0x00000000, 0x00000000, 0x00000000, 0x00000000, 0x00000000,
  0x00000000, 0x00000000, 0x00000000, 0x00000000, 0x00000000, 0x00000000, 0x00000000, 0x00000000,
  0x00000000, 0x00000000, 0x00000000, 0x00000000, 0x00000000, 0x00000000, 0x00000000, 0x00000000,
  0x00000000, 0x00000000, 0x00000000, 0x00000000, 0x00000000, 0x00000000, 0x00000000, 0x00000000,
  0x00000000, 0x00000000, 0x00000000, 0x00000000, 0x00000000, 0x00000000, 0x00000000, 0x00000000,
  0x00000000, 0x00000000, 0x00000000, 0x00000000, 0x00000000, 0x00000000, 0x00000000, 0x00000000,
  0x00000000, 0x00000000, 0x00000000, 0x00000000, 0x00000000, 0x00000000, 0x00000000, 0x00000000,
  0x00000000, 0x00000000, 0x00000000, 0x00000000, 0x00000000, 0x00000000, 0x00000000, 0x00000000,
  0x00000000, 0x00000000, 0x00000000, 0x00000000, 0x00000000, 0x00000000, 0x00000000, 0x00000000,
  0x00000000, 0x00000000, 0x00000000, 0x00000000, 0x00000000, 0x00000000, 0x00000000, 0x00000000,
  0x00000000, 0x00000000, 0x00000000, 0x00000000, 0x00000000, 0x00000000, 0x00000000, 0x00000000,
  0x00000000, 0x00000000, 0x00000000, 0x00000000, 0x00000000, 0x00000000, 0x00000000, 0x00000000,
  0x00000000, 0x00000000, 0x00000000, 0x00000000, 0x00000000, 0x00000000, 0x00000000, 0x00000000,
  0x00000000, 0x00000000, 0x00000000, 0x00000000, 0x00000000, 0x00000000, 0x00000000, 0x00000000,
  0x00000000, 0x00000000, 0x00000000, 0x00000000, 0x00000000, 0x00000000, 0x00000000, 0x00000000,
  0x00000000, 0x00000000, 0x00000000, 0x00000000, 0x00000000, 0x00000000, 0x00000000, 0x00000000,
  0x00000000, 0x00000000, 0x00000000, 0x00000000, 0x00000000, 0x00000000, 0x00000000, 0x00000000,
  0x00000000, 0x00000000, 0x00000000, 0x00000000, 0x00000000, 0x00000000, 0x00000000, 0x00000000,
  0x00000000, 0x00000000, 0x00000000, 0x00000000, 0x00000000, 0x00000000, 0x00000000, 0x00000000,
  0x00000000, 0x00000000, 0x00000000, 0x00000000, 0x00000000, 0x00000000, 0x00000000, 0x00000000,
  0x00000000, 0x00000000, 0x00000000, 0x00000000, 0x00000000, 0x00000000, 0x00000000, 0x00000000,
  0x00000000, 0x00000000, 0x00000000, 0x00000000, 0x00000000, 0x00000000, 0x00000000, 0x00000000,
  0x00000000, 0x00000000, 0x00000000, 0x00000000, 0x00000000, 0x00000000, 0x00000000, 0x00000000,
  0x00000000, 0x00000000, 0x00000000, 0x00000000, 0x00000000, 0x00000000, 0x00000000, 0x00000000,
  0x00000000, 0x00000000, 0x00000000, 0x00000000, 0x00000000, 0x00000000, 0x00000000, 0x00000000,
  0x00000000, 0x00000000, 0x00000000, 0x00000000, 0x00000000, 0x00000000, 0x00000000, 0x00000000,
  0x00000000, 0x00000000, 0x00000000, 0x00000000, 0x00000000, 0x00000000, 0x00000000, 0x00000000,
  0x00000000, 0x00000000, 0x00000000, 0x00000000, 0x00000000, 0x00000000, 0x00000000, 0x00000000,
  0x00000000, 0x00000000, 0x00000000, 0x00000000, 0x00000000, 0x00000000, 0x00000000, 0x00000000,
  0x00000000, 0x00000000, 0x00000000, 0x00000000, 0x00000000, 0x00000000, 0x00000000, 0x00000000,
  0x00000000, 0x00000000, 0x00000000, 0x00000000, 0x00000000, 0x00000000, 0x00000000, 0x00000000,
  0x00000000, 0x00000000, 0x00000000, 0x00000000, 0x00000000, 0x00000000, 0x00000000, 0x00000000,
  0x00000000, 0x00000000, 0x00000000, 0x00000000, 0x00000000, 0x00000000, 0x00000000, 0x00000000,
  0x00000000, 0x00000000, 0x00000000, 0x00000000, 0x00000000, 0x00000000, 0x00000000, 0x00000000,
  0x00000000, 0x00000000, 0x00000000, 0x00000000, 0x00000000, 0x00000000, 0x00000000, 0x00000000,
  0x00000000, 0x00000000, 0x00000000, 0x00000000, 0x00000000, 0x00000000, 0x00000000, 0x00000000,
  0x00000000, 0x00000000, 0x00000000, 0x00000000, 0x00000000, 0x00000000, 0x00000000, 0x00000000,
  0x00000000, 0x00000000, 0x00000000, 0x00000000, 0x00000000, 0x00000000, 0x00000000, 0x00000000,
  0x00000000, 0x00000000, 0x00000000, 0x00000000, 0x00000000, 0x00000000, 0x00000000, 0x00000000,
  0x00000000, 0x00000000, 0x00000000, 0x00000000, 0x00000000, 0x00000000, 0x00000000, 0x00000000,
  0x00000000, 0x00000000, 0x00000000, 0x00000000, 0x00000000, 0x00000000, 0x00000000, 0x00000000,
  0x00000000, 0x00000000, 0x00000000, 0x00000000, 0x00000000, 0x00000000, 0x00000000, 0x00000000,
  0x00000000, 0x00000000, 0x00000000, 0x00000000, 0x00000000, 0x00000000, 0x00000000, 0x00000000,
  0x00000000, 0x00000000, 0x00000000, 0x00000000, 0x00000000, 0x00000000, 0x00000000, 0x00000000,
  0x00000000, 0x00000000, 0x00000000, 0x00000000, 0x00000000, 0x00000000, 0x00000000, 0x00000000,
  0x00000000, 0x00000000, 0x00000000, 0x00000000, 0x00000000, 0x00000000, 0x00000000, 0x00000000,
  0x00000000, 0x00000000, 0x00000000, 0x00000000, 0x00000000, 0x00000000, 0x00000000, 0x00000000,
  0x00000000, 0x00000000, 0x00000000, 0x00000000, 0x00000000, 0x00000000, 0x00000000, 0x00000000,
  0x00000000, 0x00000000, 0x00000000, 0x00000000, 0x00000000, 0x00000000, 0x00000000, 0x00000000,
  0x00000000, 0x00000000, 0x00000000, 0x00000000, 0x00000000, 0x00000000, 0x00000000, 0x00000000,
  0x00000000, 0x00000000, 0x00000000, 0x00000000, 0x00000000, 0x00000000, 0x00000000, 0x00000000,
  0x00000000, 0x00000000, 0x00000000, 0x00000000, 0x00000000, 0x00000000, 0x00000000, 0x00000000,
  0x00000000, 0x00000000, 0x00000000, 0x00000000, 0x00000000, 0x00000000, 0x00000000, 0x00000000,
  0x00000000, 0x00000000, 0x00000000, 0x00000000, 0x00000000, 0x00000000, 0x00000000, 0x00000000,
  0x00000000, 0x00000000, 0x00000000, 0x00000000, 0x00000000, 0x00000000, 0x00000000, 0x00000000,
  0x00000000, 0x00000000, 0x00000000, 0x00000000, 0x00000000, 0x00000000, 0x00000000, 0x00000000,
  0x00000000, 0x00000000, 0x00000000, 0x00000000, 0x00000000, 0x00000000, 0x00000000, 0x00000000,
  0x00000000, 0x00000000, 0x00000000, 0x00000000, 0x00000000, 0x00000000, 0x00000000, 0x00000000,
  0x00000000, 0x00000000, 0x00000000, 0x00000000, 0x00000000, 0x00000000, 0x00000000, 0x00000000,
  0x00000000, 0x00000000, 0x00000000, 0x00000000, 0x00000000, 0x00000000, 0x00000000, 0x00000000,
  0x00000000, 0x00000000, 0x00000000, 0x00000000, 0x00000000, 0x00000000, 0x00000000, 0x00000000,
  0x00000000, 0x00000000, 0x00000000, 0x00000000, 0x00000000, 0x00000000, 0x00000000, 0x00000000,
  0x00000000, 0x00000000, 0x00000000, 0x00000000, 0x00000000, 0x00000000, 0x00000000, 0x00000000,
  0x00000000, 0x00000000, 0x00000000, 0x00000000, 0x00000000, 0x00000000, 0x00000000, 0x00000000,
  0x00000000, 0x00000000, 0x00000000, 0x00000000, 0x00000000, 0x00000000, 0x00000000, 0x00000000,
  0x00000000, 0x00000000, 0x00000000, 0x00000000, 0x00000000, 0x00000000, 0x00000000, 0x00000000,
  0x00000000, 0x00000000, 0x00000000, 0x00000000, 0x00000000, 0x00000000, 0x00000000, 0x00000000,
  0x00000000, 0x00000000, 0x00000000, 0x00000000, 0x00000000, 0x00000000, 0x00000000, 0x00000000,
  0x00000000, 0x00000000, 0x00000000, 0x00000000, 0x00000000, 0x00000000, 0x00000000, 0x00000000,
  0x00000000, 0x00000000, 0x00000000, 0x00000000, 0x00000000, 0x00000000, 0x00000000, 0x00000000,
  0x00000000, 0x00000000, 0x00000000, 0x00000000, 0x00000000, 0x00000000, 0x00000000, 0x00000000,
  0x00000000, 0x00000000, 0x00000000, 0x00000000, 0x00000000, 0x00000000, 0x00000000, 0x00000000,
  0x00000000, 0x00000000, 0x00000000, 0x00000000, 0x00000000, 0x00000000, 0x00000000, 0x00000000,
  0x00000000, 0x00000000, 0x00000000, 0x00000000, 0x00000000, 0x00000000, 0x00000000, 0x00000000,
  0x00000000, 0x00000000, 0x00000000, 0x00000000, 0x00000000, 0x00000000, 0x00000000, 0x00000000,
  0x00000000, 0x00000000, 0x00000000, 0x00000000, 0x00000000, 0x00000000, 0x00000000, 0x00000000,
  0x00000000, 0x00000000, 0x00000000, 0x00000000, 0x00000000, 0x00000000, 0x00000000, 0x00000000,
  0x00000000, 0x00000000, 0x00000000, 0x00000000, 0x00000000, 0x00000000, 0x00000000, 0x00000000,
  0x00000000, 0x00000000, 0x00000000, 0x00000000, 0x00000000, 0x00000000, 0x00000000, 0x00000000,
  0x00000000, 0x00000000, 0x00000000, 0x00000000, 0x00000000, 0x00000000, 0x00000000, 0x00000000,
  0x00000000, 0x00000000, 0x00000000, 0x00000000, 0x00000000, 0x00000000, 0x00000000, 0x00000000,
  0x00000000, 0x00000000, 0x00000000, 0x00000000, 0x00000000, 0x00000000, 0x00000000, 0x00000000,
  0x00000000, 0x00000000, 0x00000000, 0x00000000, 0x00000000, 0x00000000, 0x00000000, 0x00000000,
  0x00000000, 0x00000000, 0x00000000, 0x00000000, 0x00000000, 0x00000000, 0x00000000, 0x00000000,
  0x00000000, 0x00000000, 0x00000000, 0x00000000, 0x00000000, 0x00000000, 0x00000000, 0x00000000,
  0x00000000, 0x00000000, 0x00000000, 0x00000000, 0x00000000, 0x00000000, 0x00000000, 0x00000000,
  0x00000000, 0x00000000, 0x00000000, 0x00000000, 0x00000000, 0x00000000, 0x00000000, 0x00000000,
  0x00000000, 0x00000000, 0x00000000, 0x00000000, 0x00000000, 0x00000000, 0x00000000, 0x00000000,
  0x00000000, 0x00000000, 0x00000000, 0x00000000, 0x00000000, 0x00000000, 0x00000000, 0x00000000,
  0x00000000, 0x00000000, 0x00000000, 0x00000000, 0x00000000, 0x00000000, 0x00000000, 0x00000000,
  0x00000000, 0x00000000, 0x00000000, 0x00000000, 0x00000000, 0x00000000, 0x00000000, 0x00000000,
  0x00000000, 0x00000000, 0x00000000, 0x00000000, 0x00000000, 0x00000000, 0x00000000, 0x00000000,
  0x00000000, 0x00000000, 0x00000000, 0x00000000, 0x00000000, 0x00000000, 0x00000000, 0x00000000,
  0x00000000, 0x00000000, 0x00000000, 0x00000000, 0x00000000, 0x00000000, 0x00000000, 0x00000000,
  0x00000000, 0x00000000, 0x00000000, 0x00000000, 0x00000000, 0x00000000, 0x00000000, 0x00000000,
  0x00000000, 0x00000000, 0x00000000, 0x00000000, 0x00000000, 0x00000000, 0x00000000, 0x00000000,
  0x00000000, 0x00000000, 0x00000000, 0x00000000, 0x00000000, 0x00000000, 0x00000000, 0x00000000,
  0x00000000, 0x00000000, 0x00000000, 0x00000000, 0x00000000, 0x00000000, 0x00000000, 0x00000000,
  0x00000000, 0x00000000, 0x00000000, 0x00000000, 0x00000000, 0x00000000, 0x00000000, 0x00000000,
  0x00000000, 0x00000000, 0x00000000, 0x00000000, 0x00000000, 0x00000000, 0x00000000, 0x00000000,
  0x00000000, 0x00000000, 0x00000000, 0x00000000, 0x00000000, 0x00000000, 0x00000000, 0x00000000,
  0x00000000, 0x00000000, 0x00000000, 0x00000000, 0x00000000, 0x00000000, 0x00000000, 0x00000000,
  0x00000000, 0x00000000, 0x00000000, 0x00000000, 0x00000000, 0x00000000, 0x00000000, 0x00000000,
  0x00000000, 0x00000000, 0x00000000, 0x00000000, 0x00000000, 0x00000000, 0x00000000, 0x00000000,
  0x00000000, 0x00000000, 0x00000000, 0x00000000, 0x00000000, 0x00000000, 0x00000000, 0x00000000,
  0x00000000, 0x00000000, 0x00000000, 0x00000000, 0x00000000, 0x00000000, 0x00000000, 0x00000000,
  0x00000000, 0x00000000, 0x00000000, 0x00000000, 0x00000000, 0x00000000, 0x00000000, 0x00000000,
  0x00000000, 0x00000000, 0x00000000, 0x00000000, 0x00000000, 0x00000000, 0x00000000, 0x00000000,
  0x00000000, 0x00000000, 0x00000000, 0x00000000, 0x00000000, 0x00000000, 0x00000000, 0x00000000,
  0x00000000, 0x00000000, 0x00000000, 0x00000000, 0x00000000, 0x00000000, 0x00000000, 0x00000000,
  0x00000000, 0x00000000, 0x00000000, 0x00000000, 0x00000000, 0x00000000, 0x00000000, 0x00000000,
  0x00000000, 0x00000000, 0x00000000, 0x00000000, 0x00000000, 0x00000000, 0x00000000, 0x00000000,
  0x00000000, 0x00000000, 0x00000000, 0x00000000, 0x00000000, 0x00000000, 0x00000000, 0x00000000,
  0x00000000, 0x00000000, 0x00000000, 0x00000000, 0x00000000, 0x00000000, 0x00000000, 0x00000000,
  0x00000000, 0x00000000, 0x00000000, 0x00000000, 0x00000000, 0x00000000, 0x00000000, 0x00000000,
  0x00000000, 0x00000000, 0x00000000, 0x00000000, 0x00000000, 0x00000000, 0x00000000, 0x00000000,
  0x00000000, 0x00000000, 0x00000000, 0x00000000, 0x00000000, 0x00000000, 0x00000000, 0x00000000,
  0x00000000, 0x00000000, 0x00000000, 0x00000000, 0x00000000, 0x00000000, 0x00000000, 0x00000000,
  0x00000000, 0x00000000, 0x00000000, 0x00000000, 0x00000000, 0x00000000, 0x00000000, 0x00000000,
  0x00000000, 0x00000000, 0x00000000, 0x00000000, 0x00000000, 0x00000000, 0x00000000, 0x00000000,
  0x00000000, 0x00000000, 0x00000000, 0x00000000, 0x00000000, 0x00000000, 0x00000000, 0x00000000,
  0x00000000, 0x00000000, 0x00000000, 0x00000000, 0x00000000, 0x00000000, 0x00000000, 0x00000000,
  0x00000000, 0x00000000, 0x00000000, 0x00000000, 0x00000000, 0x00000000, 0x00000000, 0x00000000,
  0x00000000, 0x00000000, 0x00000000, 0x00000000, 0x00000000, 0x00000000, 0x00000000, 0x00000000,
  0x00000000, 0x00000000, 0x00000000, 0x00000000, 0x00000000, 0x00000000, 0x00000000, 0x00000000,
  0x00000000, 0x00000000, 0x00000000, 0x00000000, 0x00000000, 0x00000000, 0x00000000, 0x00000000,
  0x00000000, 0x00000000, 0x00000000, 0x00000000, 0x00000000, 0x00000000, 0x00000000, 0x00000000,
  0x00000000, 0x00000000, 0x00000000, 0x00000000, 0x00000000, 0x00000000, 0x00000000, 0x00000000,
  0x00000000, 0x00000000, 0x00000000, 0x00000000, 0x00000000, 0x00000000, 0x00000000, 0x00000000,
  0x00000000, 0x00000000, 0x00000000, 0x00000000, 0x00000000, 0x00000000, 0x00000000, 0x00000000,
  0x00000000, 0x00000000, 0x00000000, 0x00000000, 0x00000000, 0x00000000, 0x00000000, 0x00000000,
  0x00000000, 0x00000000, 0x00000000, 0x00000000, 0x00000000, 0x00000000, 0x00000000, 0x00000000,
  0x00000000, 0x00000000, 0x00000000, 0x00000000, 0x00000000, 0x00000000, 0x00000000, 0x00000000,
  0x00000000, 0x00000000, 0x00000000, 0x00000000, 0x00000000, 0x00000000, 0x00000000, 0x00000000,
  0x00000000, 0x00000000, 0x00000000, 0x00000000, 0x00000000, 0x00000000, 0x00000000, 0x00000000,
  0x00000000, 0x00000000, 0x00000000, 0x00000000, 0x00000000, 0x00000000, 0x00000000, 0x00000000,
  0x00000000, 0x00000000, 0x00000000, 0x00000000, 0x00000000, 0x00000000, 0x00000000, 0x00000000,
  0x00000000, 0x00000000, 0x00000000, 0x00000000, 0x00000000, 0x00000000, 0x00000000, 0x00000000,
  0x00000000, 0x00000000, 0x00000000, 0x00000000, 0x00000000, 0x00000000, 0x00000000, 0x00000000,
  0x00000000, 0x00000000, 0x00000000, 0x00000000, 0x00000000, 0x00000000, 0x00000000, 0x00000000,
  0x00000000, 0x00000000, 0x00000000, 0x00000000, 0x00000000, 0x00000000, 0x00000000, 0x00000000,
  0x00000000, 0x00000000, 0x00000000, 0x00000000, 0x00000000, 0x00000000, 0x00000000, 0x00000000,
  0x00000000, 0x00000000, 0x00000000, 0x00000000, 0x00000000, 0x00000000, 0x00000000, 0x00000000,
  0x00000000, 0x00000000, 0x00000000, 0x00000000, 0x00000000, 0x00000000, 0x00000000, 0x00000000,
  0x00000000, 0x00000000, 0x00000000, 0x00000000, 0x00000000, 0x00000000, 0x00000000, 0x00000000,
  0x00000000, 0x00000000, 0x00000000, 0x00000000, 0x00000000, 0x00000000, 0x00000000, 0x00000000,
  0x00000000, 0x00000000, 0x00000000, 0x00000000, 0x00000000, 0x00000000, 0x00000000, 0x00000000,
  0x00000000, 0x00000000, 0x00000000, 0x00000000, 0x00000000, 0x00000000, 0x00000000, 0x00000000,
  0x00000000, 0x00000000, 0x00000000, 0x00000000, 0x00000000, 0x00000000, 0x00000000, 0x00000000,
  0x00000000, 0x00000000, 0x00000000, 0x00000000, 0x00000000, 0x00000000, 0x00000000, 0x00000000,
  0x00000000, 0x00000000, 0x00000000, 0x00000000, 0x00000000, 0x00000000, 0x00000000, 0x00000000,
  0x00000000, 0x00000000, 0x00000000, 0x00000000, 0x00000000, 0x00000000, 0x00000000, 0x00000000,
  0x00000000, 0x00000000, 0x00000000, 0x00000000, 0x00000000, 0x00000000, 0x00000000, 0x00000000,
  0x00000000, 0x00000000, 0x00000000, 0x00000000, 0x00000000, 0x00000000, 0x00000000, 0x00000000,
  0x00000000, 0x00000000, 0x00000000, 0x00000000, 0x00000000, 0x00000000, 0x00000000, 0x00000000,
  0x00000000, 0x00000000, 0x00000000, 0x00000000, 0x00000000, 0x00000000, 0x00000000, 0x00000000,
  0x00000000, 0x00000000, 0x00000000, 0x00000000, 0x00000000, 0x00000000, 0x00000000, 0x00000000,
  0x00000000, 0x00000000, 0x00000000, 0x00000000, 0x00000000, 0x00000000, 0x00000000, 0x00000000,
  0x00000000, 0x00000000, 0x00000000, 0x00000000, 0x00000000, 0x00000000, 0x00000000, 0x00000000,
  0x00000000, 0x00000000, 0x00000000, 0x00000000, 0x00000000, 0x00000000, 0x00000000, 0x00000000,
  0x00000000, 0x00000000, 0x00000000, 0x00000000, 0x00000000, 0x00000000, 0x00000000, 0x00000000,
  0x00000000, 0x00000000, 0x00000000, 0x00000000, 0x00000000, 0x00000000, 0x00000000, 0x00000000,
  0x00000000, 0x00000000, 0x00000000, 0x00000000, 0x00000000, 0x00000000, 0x00000000, 0x00000000,
  0x00000000, 0x00000000, 0x00000000, 0x00000000, 0x00000000, 0x00000000, 0x00000000, 0x00000000,
  0x00000000, 0x00000000, 0x00000000, 0x00000000, 0x00000000, 0x00000000, 0x00000000, 0x00000000,
  0x00000000, 0x00000000, 0x00000000, 0x00000000, 0x00000000, 0x00000000, 0x00000000, 0x00000000,
  0x00000000, 0x00000000, 0x00000000, 0x00000000, 0x00000000, 0x00000000, 0x00000000, 0x00000000,
  0x00000000, 0x00000000, 0x00000000, 0x00000000, 0x00000000, 0x00000000, 0x00000000, 0x00000000,
  0x00000000, 0x00000000, 0x00000000, 0x00000000, 0x00000000, 0x00000000, 0x00000000, 0x00000000,
  0x00000000, 0x00000000, 0x00000000, 0x00000000, 0x00000000, 0x00000000, 0x00000000, 0x00000000,
  0x00000000, 0x00000000, 0x00000000, 0x00000000, 0x00000000, 0x00000000, 0x00000000, 0x00000000,
  0x00000000, 0x00000000, 0x00000000, 0x00000000, 0x00000000, 0x00000000, 0x00000000, 0x00000000,
  0x00000000, 0x00000000, 0x00000000, 0x00000000, 0x00000000, 0x00000000, 0x00000000, 0x00000000,
  0x00000000, 0x00000000, 0x00000000, 0x00000000, 0x00000000, 0x00000000, 0x00000000, 0x00000000,
  0x00000000, 0x00000000, 0x00000000, 0x00000000, 0x00000000, 0x00000000, 0x00000000, 0x00000000,
  0x00000000, 0x00000000, 0x00000000, 0x00000000, 0x00000000, 0x00000000, 0x00000000, 0x00000000,
  0x00000000, 0x00000000, 0x00000000, 0x00000000, 0x00000000, 0x00000000, 0x00000000, 0x00000000,
  0x00000000, 0x00000000, 0x00000000, 0x00000000, 0x00000000, 0x00000000, 0x00000000, 0x00000000,
  0x00000000, 0x00000000, 0x00000000, 0x00000000, 0x00000000, 0x00000000, 0x00000000, 0x00000000,
  0x00000000, 0x00000000, 0x00000000, 0x00000000, 0x00000000, 0x00000000, 0x00000000, 0x00000000,
  0x00000000, 0x00000000, 0x00000000, 0x00000000, 0x00000000, 0x00000000, 0x00000000, 0x00000000,
  0x00000000, 0x00000000, 0x00000000, 0x00000000, 0x00000000, 0x00000000, 0x00000000, 0x00000000,
  0x00000000, 0x00000000, 0x00000000, 0x00000000, 0x00000000, 0x00000000, 0x00000000, 0x00000000,
  0x00000000, 0x00000000, 0x00000000, 0x00000000, 0x00000000, 0x00000000, 0x00000000, 0x00000000,
  0x00000000, 0x00000000, 0x00000000, 0x00000000, 0x00000000, 0x00000000, 0x00000000, 0x00000000,
  0x00000000, 0x00000000, 0x00000000, 0x00000000, 0x00000000, 0x00000000, 0x00000000, 0x00000000,
  0x00000000, 0x00000000, 0x00000000, 0x00000000, 0x00000000, 0x00000000, 0x00000000, 0x00000000,
  0x00000000, 0x00000000, 0x00000000, 0x00000000, 0x00000000, 0x00000000, 0x00000000, 0x00000000,
  0x00000000, 0x00000000, 0x00000000, 0x00000000, 0x00000000, 0x00000000, 0x00000000, 0x00000000,
};
